_id,source,category,collected_at,data.query,data.title,data.description,data.url,data.published_at,data.source_name,data.sentiment.textblob.polarity,data.sentiment.textblob.subjectivity,data.sentiment.vader.neg,data.sentiment.vader.neu,data.sentiment.vader.pos,data.sentiment.vader.compound,data.keywords,data.topic,data.topic_words,nlp.sentiment,nlp.positive,nlp.neutral,nlp.negative,data.processed_at
6985ff55b35fe085cf105d6f,newsapi,media,2026-02-06 14:48:53.415,earthquake,ichif worker graphic memoir fukushima nuclear power plant manga get special 1shot 10 year,morning magazine publishes special 1shot depicting fukushima present time february 12,https://www.animenewsnetwork.com/news/2026-02-05/ichi-f-a-worker-graphic-memoir-of-the-fukushima-nuclear-power-plant-manga-gets-special-1-shot-after-/.233796,2026-02-05T14:15:00+00:00,Anime News Network,0.17857142857142858,0.3857142857142857,0.0,0.81,0.19,0.6597,"['ichif worker graphic', 'year morning magazine', 'present time february', 'magazine publishes special', 'depicting fukushima present']",Other,[],0.6597,0.19,0.81,0.0,
6985ff55b35fe085cf105d70,newsapi,media,2026-02-06 14:48:53.415,earthquake,cia suddenly stop publishing remove archive world factbook,somewhat devastating news today cia one cia’s oldest recognizable intelligence publication world factbook sunset even hint decided …,https://simonwillison.net/2026/Feb/5/the-world-factbook/,2026-02-05T14:11:13+00:00,Simonwillison.net,-0.25,0.5833333333333334,0.192,0.712,0.096,-0.4779,"['suddenly stop publishing', 'stop publishing remove', 'publishing remove archive', 'oldest recognizable intelligence', 'recognizable intelligence publication']","bezos, risk, post","['bezos', 'risk', 'post', 'world', 'representation', 'cratering', 'great', 'factbook', 'transformed', 'scandal']",-0.4779,0.096,0.712,0.192,
6985ff55b35fe085cf105d71,newsapi,media,2026-02-06 14:48:53.415,earthquake,doctor strange star chiwetel ejiofor join scarlett johansson mike flanagans exorcist,scarlett johansson set lead mike flanagans reboot exorcist project added star power form chiwetel ejiofor,https://comicbookmovie.com/doctor-strange/doctor-strange-star-chiwetel-ejiofor-joins-scarlett-johansson-in-mike-flanagans-the-exorcist-a226256,2026-02-05T14:01:00+00:00,CBM (Comic Book Movie),-0.05,0.15,0.064,0.857,0.079,0.1027,"['doctor strange star', 'johansson set lead', 'set lead mike', 'power form chiwetel', 'chiwetel ejiofor join']",Other,[],0.1027,0.079,0.857,0.064,
6985ff55b35fe085cf105d72,newsapi,media,2026-02-06 14:48:53.415,earthquake,cross laminated timber market worth 359 billion 2030 cagr 1468 say marketsandmarkets™,delray beach fl feb 05 2026 globe newswire crosslaminated timber clt market projected reach usd 360 billion 2030 usd 160 billion 2024 cagr 1468 forecast period per recent study marketsandmar…,https://www.globenewswire.com/news-release/2026/02/05/3232977/0/en/Cross-Laminated-Timber-Market-worth-3-59-billion-by-2030-at-a-CAGR-of-14-68-says-MarketsandMarkets.html,2026-02-05T13:30:00+00:00,GlobeNewswire,0.09999999999999999,0.11666666666666665,0.0,0.933,0.067,0.25,"['globe newswire crosslaminated', 'recent study marketsandmar', 'projected reach usd', 'cross laminated timber', 'timber market worth']",Other,[],0.25,0.067,0.933,0.0,
6985ff55b35fe085cf105d73,newsapi,media,2026-02-06 14:48:53.415,earthquake,torn asunder,guatemala el salvador torn apart violent usbacked regime ten thousand children—many war orphan others forcibly taken birth parents—were adopted overseas,http://www.nybooks.com/articles/2026/02/26/torn-asunder-until-i-find-you-rachel-nolan/,2026-02-05T13:00:00+00:00,The New York Review of Books,-0.10000000000000002,0.6666666666666666,0.396,0.604,0.0,-0.8957,"['ten thousand children', 'violent usbacked regime', 'usbacked regime ten', 'regime ten thousand', 'torn asunder guatemala']",Other,[],-0.8957,0.0,0.604,0.396,
6986107e77fabc1e987d0530,newsapi,media,2026-02-06 16:02:06.140,earthquake,happens bot start posting upvoting,explore implication moltbook botdriven social network raising concern data security misinformation risk,https://www.thehindubusinessline.com/info-tech/what-happens-when-bots-start-posting-and-upvoting/article70596668.ece,2026-02-05T15:11:51+00:00,BusinessLine,0.03333333333333333,0.06666666666666667,0.212,0.673,0.115,-0.25,"['security misinformation risk', 'bot start posting', 'start posting upvoting', 'posting upvoting explore', 'upvoting explore implication']","bezos, risk, post","['bezos', 'risk', 'post', 'world', 'representation', 'cratering', 'great', 'factbook', 'transformed', 'scandal']",-0.25,0.115,0.673,0.212,
6986c5349e65fbf31aef14ff,newsapi,media,2026-02-07 04:53:08.719,earthquake,woman’s musicled initiative heals children’s trauma quakehit hatay,surviving deadly earthquake struck southern türkiye feb 6 orchestra conductor flutist cansu daloğlu turned personal loss grassroots effort help child heal music,https://www.hurriyetdailynews.com/womans-music-led-initiative-heals-childrens-trauma-in-quake-hit-hatay-218642,2026-02-06T03:33:50+00:00,Hurriyet Daily News,-0.06666666666666667,0.2333333333333333,0.192,0.676,0.132,-0.296,"['southern türkiye feb', 'orchestra conductor flutist', 'child heal music', 'trauma quakehit hatay', 'quakehit hatay surviving']","earthquake, magnitude, feb","['earthquake', 'magnitude', 'feb', 'struck', 'city', 'different', 'million', 'theater', 'church', 'disaster']",-0.296,0.132,0.676,0.192,
6986c5349e65fbf31aef1500,newsapi,media,2026-02-07 04:53:08.749,earthquake,grief sorrow remain türkiye mark third anniversary deadly feb 6 quake,three year devastating feb 6 earthquake türkiye’s south grief remains fresh family 53000 victim nation unites honor memory testament tragedy stand defining sorrow modern era,https://www.hurriyetdailynews.com/grief-sorrow-remain-as-turkiye-marks-third-anniversary-of-deadly-feb-6-quakes-218641,2026-02-06T03:32:21+00:00,Hurriyet Daily News,-0.296875,0.33124999999999993,0.425,0.478,0.097,-0.9612,"['victim nation unites', 'anniversary deadly feb', 'year devastating feb', 'remains fresh family', 'sorrow modern era']","earthquake, magnitude, feb","['earthquake', 'magnitude', 'feb', 'struck', 'city', 'different', 'million', 'theater', 'church', 'disaster']",-0.9612,0.097,0.478,0.425,
6986c5349e65fbf31aef1501,newsapi,media,2026-02-07 04:53:08.751,earthquake,mumbai tourist dy cold exposure freezing manali,mumbai tourist tragically died suspected cold exposure manalis freezing solang valley meanwhile kullu witnessed rare winter landslide avalanche pose threat higher altitude minor earthquake also rattled kinnaur event highl…,https://timesofindia.indiatimes.com/city/shimla/mumbai-tourist-dies-from-cold-exposure-in-freezing-manali/articleshow/127965904.cms,2026-02-06T03:12:14+00:00,The Times of India,-0.13999999999999999,0.72,0.339,0.661,0.0,-0.9246,"['kinnaur event highl', 'tragically died suspected', 'kullu witnessed rare', 'witnessed rare winter', 'rare winter landslide']",Other,[],-0.9246,0.0,0.661,0.339,
6986c5349e65fbf31aef1502,newsapi,media,2026-02-07 04:53:08.752,earthquake,japan restart world biggest nuclear plant,japan switch world largest nuclear power plant back next week glitch alarm forced suspension first restart since 2011 fukushima disaster,https://www.rte.ie/news/world/2026/0206/1557022-japan-nuclear-restart/,2026-02-06T02:51:25+00:00,RTE,-0.012500000000000011,0.13333333333333333,0.292,0.708,0.0,-0.8591,"['week glitch alarm', 'glitch alarm forced', 'alarm forced suspension', 'switch world largest', 'largest nuclear power']",Other,[],-0.8591,0.0,0.708,0.292,
6986c5349e65fbf31aef1503,newsapi,media,2026-02-07 04:53:08.754,earthquake,northern utah including salt lake city get rattled magnitude 35 earthquake,35 magnitude earthquake rattled wasatch front northern utah striking shortly 1 pm thursday salt lake city also felt effect,https://dailycaller.com/2026/02/05/northern-utah-salt-lake-city-magnitude-3-5-earthquake/,2026-02-06T02:10:31+00:00,The Daily Caller,0.25,0.65,0.0,1.0,0.0,0.0,"['salt lake city', 'utah striking shortly', 'including salt lake', 'thursday salt lake', 'wasatch front northern']","earthquake, magnitude, feb","['earthquake', 'magnitude', 'feb', 'struck', 'city', 'different', 'million', 'theater', 'church', 'disaster']",0.0,0.0,1.0,0.0,
6986d80c85166b9379a90086,newsapi,media,2026-02-07 06:13:32.235,earthquake,architect aim rebuild church help restore multicultural past,greek orthodox church antakya turkey lie ruin three year devastating earthquake,https://abcnews.go.com/International/wireStory/architect-aims-rebuild-church-restore-quake-hit-turkish-129907470,2026-02-06T06:12:39+00:00,ABC News,-0.3625,0.4625,0.289,0.536,0.175,-0.6369,"['architect aim rebuild', 'year devastating earthquake', 'restore multicultural past', 'multicultural past greek', 'past greek orthodox']","earthquake, magnitude, feb","['earthquake', 'magnitude', 'feb', 'struck', 'city', 'different', 'million', 'theater', 'church', 'disaster']",-0.6369,0.175,0.536,0.289,
6986d80c85166b9379a90088,newsapi,media,2026-02-07 06:13:32.301,earthquake,great cratering 2026 counterparty risk devour paper asset comex silver default unfolds,welcome great cratering systemic unwinding real time welcome 2026 term ‘great cratering’ entered financial lexicon describing simultaneous catastrophic collapse across interconnected market stock cryptocurrencies fi…,https://www.naturalnews.com/2026-02-06-the-great-cratering-of-2026.html,2026-02-06T06:00:00+00:00,Naturalnews.com,0.6,0.6214285714285713,0.157,0.535,0.308,0.8481,"['counterparty risk devour', 'risk devour paper', 'devour paper asset', 'paper asset comex', 'asset comex silver']","bezos, risk, post","['bezos', 'risk', 'post', 'world', 'representation', 'cratering', 'great', 'factbook', 'transformed', 'scandal']",0.8481,0.308,0.535,0.157,
698713419a886ea5c92a21d2,newsapi,media,2026-02-07 10:26:09.018,earthquake,democratic primary season kick antiestablishment earthquake,there’s official winner yet democratic primary special election new jersey’s 11th congressional district already amount political earthquake state,https://www.nbcnews.com/politics/2026-election/steve-kornacki-new-jersey-primary-anti-establishment-earthquake-rcna257738,2026-02-06T10:00:00+00:00,NBC News,0.25870129870129877,0.4251948051948052,0.0,0.772,0.228,0.7579,"['political earthquake state', 'season kick antiestablishment', 'primary season kick', 'primary special election', 'democratic primary season']",Other,[],,,,,
698713419a886ea5c92a21d3,newsapi,media,2026-02-07 10:26:09.021,earthquake,today history february 6 monopoly replaces iron piece cat,toy maker hasbro inc announced monopoly fan voted online add cat token board game replacing iron,https://www.denverpost.com/2026/02/06/today-in-history-february-6-monopoly-replaces-iron-piece-with-the-cat/,2026-02-06T09:00:06+00:00,The Denver Post,-0.4,0.4,0.0,0.913,0.087,0.3182,"['today history february', 'toy maker hasbro', 'fan voted online', 'voted online add', 'token board game']","bezos, risk, post","['bezos', 'risk', 'post', 'world', 'representation', 'cratering', 'great', 'factbook', 'transformed', 'scandal']",,,,,
6987175badcc4cedb83b8220,newsapi,media,2026-02-07 10:43:39.209,earthquake,could epstein scandal topple uk prime minister keir starmer,pressure mounting british prime minister keir starmer decision appoint epstein associate peter mandelson uk ambassador washington,https://www.cbsnews.com/news/epstein-peter-mandelson-keir-starmer-uk-prime-minister-pressure/,2026-02-06T10:28:17+00:00,CBS News,0.0,0.0,0.181,0.819,0.0,-0.6249,"['prime minister keir', 'minister keir starmer', 'keir starmer pressure', 'keir starmer decision', 'british prime minister']",Other,[],,,,,
69876f9d6ea3ff3909394c62,newsapi,media,2026-02-07 17:00:13.459,earthquake,【速報】嫌な揺れ方の地震,1それでも動く名無し 20260207土 00585881 idjyuuz4220 でかい,http://blog.livedoor.jp/itsoku/archives/62990003.html,2026-02-06T16:43:36+00:00,Livedoor.jp,0.0,0.0,0.0,1.0,0.0,0.0,"['【速報】嫌な揺れ方の地震', 'それでも動く名無し', 'でかい']",Other,[],,,,,
69876f9d6ea3ff3909394c63,newsapi,media,2026-02-07 17:00:13.462,earthquake,bnpb intensifies coordination rapid pacitan quake response,national disaster mitigation agency bnpb intensifying coordination local government ensure quick response measure following 64magnitude,https://en.antaranews.com/news/403382/bnpb-intensifies-coordination-for-rapid-pacitan-quake-response,2026-02-06T16:34:41+00:00,Antaranews.com,0.1111111111111111,0.19999999999999998,0.154,0.749,0.097,-0.3612,"['rapid pacitan quake', 'national disaster mitigation', 'disaster mitigation agency', 'local government ensure', 'government ensure quick']","earthquake, magnitude, feb","['earthquake', 'magnitude', 'feb', 'struck', 'city', 'different', 'million', 'theater', 'church', 'disaster']",,,,,
69876f9d6ea3ff3909394c64,newsapi,media,2026-02-07 17:00:13.463,earthquake,steve kornacki democratic primary season kick antiestablishment earthquake nbc news,steve kornacki democratic primary season kick antiestablishment earthquakenbc news hardfought new jersey election close call democrat debate party futurenbc news new jersey special democratic primary early calln…,https://slashdot.org/firehose.pl?op=view&amp;id=180747780,2026-02-06T16:12:50+00:00,Slashdot.org,0.27569573283859,0.46864564007421144,0.0,0.866,0.134,0.6597,"['primary season kick', 'democratic primary season', 'kornacki democratic primary', 'season kick antiestablishment', 'steve kornacki democratic']",Other,[],,,,,
69876f9d6ea3ff3909394c65,newsapi,media,2026-02-07 17:00:13.465,earthquake,reinsurance business research report 2026 1120 bn opportunity trend competitive landscape strategy forecast 20202025 20252030f 2035f,reinsurance market expanding due rising natural catastrophe increased insurance penetration growing demand risk transfer solution opportunity lie advanced risk analytics aidriven underwriting strategic partnership particul…,https://www.globenewswire.com/news-release/2026/02/06/3233903/28124/en/Reinsurance-Business-Research-Report-2026-1-120-Bn-Opportunities-Trends-Competitive-Landscape-Strategies-and-Forecasts-2020-2025-2025-2030F-2035F.html,2026-02-06T14:42:00+00:00,GlobeNewswire,0.125,0.4583333333333333,0.177,0.509,0.314,0.7003,"['business research report', 'landscape strategy forecast', 'strategic partnership particul', 'reinsurance business research', 'reinsurance market expanding']","bezos, risk, post","['bezos', 'risk', 'post', 'world', 'representation', 'cratering', 'great', 'factbook', 'transformed', 'scandal']",,,,,
69876f9d6ea3ff3909394c66,newsapi,media,2026-02-07 17:00:13.466,earthquake,democratic primary season kick earthquake,steve kornacki “there’s official winner yet democratic primary special election new jersey’s 11th congressional district already amount political earthquake state” “in improbable twist long ago might been…,https://politicalwire.com/2026/02/06/democratic-primary-season-kicks-off-with-an-earthquake/,2026-02-06T14:00:27+00:00,Politicalwire.com,0.20725108225108227,0.420995670995671,0.0,0.822,0.178,0.7579,"['earthquake steve kornacki', 'political earthquake state', 'improbable twist long', 'twist long ago', 'primary season kick']","earthquake, magnitude, feb","['earthquake', 'magnitude', 'feb', 'struck', 'city', 'different', 'million', 'theater', 'church', 'disaster']",,,,,
69878cf7b24a23ff17c0157f,newsapi,media,2026-02-07 19:05:27.448,earthquake,feature 3 yr turkish people still struggling recover devastating earthquake,burak akinci read full story,https://www.thestar.com.my/news/world/2026/02/07/feature-3-yrs-on-turkish-people-still-struggling-to-recover-from-devastating-earthquake,2026-02-06T18:32:00+00:00,The Star Online,-0.325,0.775,0.353,0.647,0.0,-0.7964,"['read full story', 'struggling recover devastating', 'recover devastating earthquake', 'devastating earthquake burak', 'earthquake burak akinci']","earthquake, magnitude, feb","['earthquake', 'magnitude', 'feb', 'struck', 'city', 'different', 'million', 'theater', 'church', 'disaster']",,,,,
69878cf7b24a23ff17c01580,newsapi,media,2026-02-07 19:05:27.455,earthquake,winter olympics 2026 stella jean haiti’s viral political kit,‘haiti laboratory resistance’ ahead opening ceremony designer stella jean talk viral winter olympics kit controversy sparked haiti continues persevere,https://www.dazeddigital.com/fashion/article/69582/1/winter-olympics-2026-stella-jean-haiti-viral-political-kit?utm_source=Link&utm_medium=Link&utm_campaign=RSSFeed&utm_term=winter-olympics-2026-stella-jean-on-haiti-s-viral-political-kit,2026-02-06T18:22:00+00:00,Dazed,0.0,0.1,0.0,1.0,0.0,0.0,"['laboratory resistance’ ahead', 'resistance’ ahead opening', 'ahead opening ceremony', 'opening ceremony designer', 'ceremony designer stella']",Other,[],,,,,
69878cf7b24a23ff17c01581,newsapi,media,2026-02-07 19:05:27.456,earthquake,google glance widget get rid terribly frustrating design feature,google glance widget gotten design update make lot enjoyable use majority people access,https://www.androidheadlines.com/2026/02/googles-at-a-glance-widget-gets-rid-of-terribly-frustrating-design-feature.html,2026-02-06T18:08:03+00:00,Android Headlines,0.04999999999999999,0.75,0.229,0.669,0.102,-0.5574,"['google glance widget', 'majority people access', 'feature google glance', 'rid terribly frustrating', 'update make lot']",Other,[],,,,,
69878cf7b24a23ff17c01582,newsapi,media,2026-02-07 19:05:27.457,earthquake,monica lewinsky break emotional confession clinton scandal still live lot fear,monica lewinsky get emotional discussing clinton scandal still impact life today revealing ongoing fear carefully rebuilt life,https://www.foxnews.com/entertainment/monica-lewinsky-breaks-down-emotional-confession-clinton-scandal-live-fear,2026-02-06T17:17:52+00:00,Fox News,0.009090909090909087,0.7,0.322,0.554,0.124,-0.8591,"['confession clinton scandal', 'discussing clinton scandal', 'today revealing ongoing', 'monica lewinsky break', 'break emotional confession']","bezos, risk, post","['bezos', 'risk', 'post', 'world', 'representation', 'cratering', 'great', 'factbook', 'transformed', 'scandal']",,,,,
69878cf7b24a23ff17c01583,newsapi,media,2026-02-07 19:05:27.458,earthquake,sun sneeze earth crack,new year day 2024 magnitude 76 earthquake tore japan noto peninsula hour sun kicked big solar flare pelting,https://scienceblog.com/when-the-sun-sneezes-does-earth-crack/,2026-02-06T17:00:27+00:00,ScienceBlog.com,0.06818181818181818,0.2772727272727273,0.0,1.0,0.0,0.0,"['earthquake tore japan', 'solar flare pelting', 'sneeze earth crack', 'tore japan noto', 'japan noto peninsula']","earthquake, magnitude, feb","['earthquake', 'magnitude', 'feb', 'struck', 'city', 'different', 'million', 'theater', 'church', 'disaster']",,,,,
698796302207b8455f975062,newsapi,media,2026-02-07 19:44:48.255,earthquake,haitian america worry they’re trump’s next target,president donald trump stood onstage presidential debate last campaign falsely accused haitian springfield ohio eating pet derided place birth “shithole” country cut immigration — privatel…,https://www.vox.com/politics/478308/haitians-in-america-fear-trump-ice-tps,2026-02-06T19:43:51+00:00,Vox,-0.13333333333333336,0.2222222222222222,0.243,0.757,0.0,-0.7906,"['country cut immigration', 'derided place birth', 'target president donald', 'stood onstage presidential', 'onstage presidential debate']",Other,[],,,,,
6987a05f90a4309fa7ce6ae8,newsapi,media,2026-02-07 20:28:15.756,earthquake,bimquake added pypi,python package earthquake resilience assessment masonry building integrating ifc industry foundation class building information model seismic hazard analysis structural evaluation,https://pypi.org/project/bimquake/,2026-02-06T20:13:12+00:00,Pypi.org,0.0,0.0,0.0,1.0,0.0,0.0,"['bimquake added pypi', 'analysis structural evaluation', 'added pypi python', 'pypi python package', 'python package earthquake']","earthquake, magnitude, feb","['earthquake', 'magnitude', 'feb', 'struck', 'city', 'different', 'million', 'theater', 'church', 'disaster']",,,,,
6987a05f90a4309fa7ce6ae9,newsapi,media,2026-02-07 20:28:15.757,earthquake,moment requires u woman voting right battle representation,weekend reading women’s representation compilation story women’s representation politics board sport entertainment judicial office private sector u around world—with little gardening …,https://msmagazine.com/2026/02/06/women-voting-rights-representation-trump-politics/,2026-02-06T20:08:25+00:00,Ms. Magazine,0.03273809523809523,0.4702380952380952,0.078,0.838,0.084,0.0516,"['politics board sport', 'board sport entertainment', 'sport entertainment judicial', 'entertainment judicial office', 'judicial office private']","bezos, risk, post","['bezos', 'risk', 'post', 'world', 'representation', 'cratering', 'great', 'factbook', 'transformed', 'scandal']",,,,,
6987af11d6f9797808ba97dd,newsapi,media,2026-02-07 21:30:57.058,earthquake,judge’s ruling brings springfield story tps haitian,prominent ohio lawmaker reacting swiftly lastminute court ruling maintaining temporary protected status haitian united state springfield ohio read post judge’s ruling brings springfield story tps …,https://www.dailysignal.com/2026/02/06/judges-ruling-brings-more-to-springfield-story-on-tps-for-haitians/,2026-02-06T21:00:00+00:00,Daily Signal,0.5,1.0,0.0,0.74,0.26,0.8481,"['brings springfield story', 'springfield story tps', 'ruling brings springfield', 'lawmaker reacting swiftly', 'reacting swiftly lastminute']",Other,[],,,,,
6987b942ec7a28bbb0656e40,newsapi,media,2026-02-07 22:14:26.409,earthquake,trump persistent foreign policy challenge politics desk,today’s edition kristen welker lay stake president donald trump amid ongoing talk end russia’s war ukraine plus,https://www.nbcnews.com/politics/politics-news/trumps-persistent-foreign-policy-challenge-politics-desk-rcna257844,2026-02-06T22:12:01+00:00,NBC News,-0.125,0.125,0.143,0.809,0.048,-0.5574,"['persistent foreign policy', 'foreign policy challenge', 'policy challenge politics', 'challenge politics desk', 'politics desk today']","bezos, risk, post","['bezos', 'risk', 'post', 'world', 'representation', 'cratering', 'great', 'factbook', 'transformed', 'scandal']",,,,,
6987d9b0d6f9797808ba9af7,newsapi,media,2026-02-08 00:32:48.478,earthquake,got time change three month crucial welsh election,three month go wale vote sky news travelled nation found immigration identity economy healthcare front people mind,https://news.sky.com/story/its-got-to-be-time-for-change-three-months-until-crucial-welsh-elections-13504052,2026-02-07T00:01:00+00:00,Sky.com,0.0,1.0,0.0,1.0,0.0,0.0,"['front people mind', 'crucial welsh election', 'wale vote sky', 'travelled nation found', 'nation found immigration']","bezos, risk, post","['bezos', 'risk', 'post', 'world', 'representation', 'cratering', 'great', 'factbook', 'transformed', 'scandal']",,,,,
6987d9b0d6f9797808ba9af8,newsapi,media,2026-02-08 00:32:48.480,earthquake,analysis transcriptomic metabolomic landscape prostate cancer different anatomical origin using snflareseq mxfrizngrnd,prostate cancer heterogeneity limit efficacy current therapeutic approach author develop two method snflareseq mxfrizngrnd using formalinfixed paraffin embedded sample analysing transcriptomic metabolomic landscape …,https://www.nature.com/articles/s41467-026-69347-7,2026-02-07T00:00:00+00:00,Nature.com,0.0,0.5,0.206,0.794,0.0,-0.8689,"['transcriptomic metabolomic landscape', 'analysis transcriptomic metabolomic', 'analysing transcriptomic metabolomic', 'metabolomic landscape prostate', 'heterogeneity limit efficacy']",Other,[],,,,,
69881be0ac3ba81db90bb015,newsapi,media,2026-02-08 05:15:12.414,earthquake,seispolarity added pypi,framework seismic waveform polarity picking unified apis,https://pypi.org/project/seispolarity/,2026-02-07T04:19:05+00:00,Pypi.org,0.0,0.0,0.0,0.776,0.224,0.3818,"['seispolarity added pypi', 'picking unified apis', 'added pypi framework', 'pypi framework seismic', 'framework seismic waveform']","earthquake, magnitude, feb","['earthquake', 'magnitude', 'feb', 'struck', 'city', 'different', 'million', 'theater', 'church', 'disaster']",,,,,
69881be0ac3ba81db90bb016,newsapi,media,2026-02-08 05:15:12.416,earthquake,extreme cold weather advice hollyberry,seen medium drama past week regarding weather 10 year ago never even heard term “polar vortex” winter living maine past 20 year making harsh winter humb…,https://survivalblog.com/2026/02/07/some-extreme-cold-weather-advice-by-hollyberry/,2026-02-07T03:21:58+00:00,Survivalblog.com,-0.2513888888888889,0.5750000000000001,0.088,0.912,0.0,-0.4404,"['year making harsh', 'harsh winter humb', 'extreme cold weather', 'cold weather advice', 'weather advice hollyberry']",Other,[],,,,,
69881be0ac3ba81db90bb017,newsapi,media,2026-02-08 05:15:12.417,earthquake,humanity deadliest day shaanxi 1556 1628,earthquake shaanxi china january 23 1556 mean powerful earthquake experienced human history still inscription time end simply since beginning time earthquake comparable th…,https://freerepublic.com/focus/f-chat/4365774/posts,2026-02-07T02:59:24+00:00,Freerepublic.com,0.15750000000000003,0.6089285714285715,0.0,0.909,0.091,0.4215,"['humanity deadliest day', 'shaanxi china january', 'experienced human history', 'deadliest day shaanxi', 'inscription time end']","earthquake, magnitude, feb","['earthquake', 'magnitude', 'feb', 'struck', 'city', 'different', 'million', 'theater', 'church', 'disaster']",,,,,
69881be0ac3ba81db90bb018,newsapi,media,2026-02-08 05:15:12.417,earthquake,free fair poll unlikely fugitive weapon still missing na,kathmandu feb 7 member national assembly expressed concern election may held fearfree … post free fair poll unlikely fugitive weapon still missing na appeared first people review,https://mypeoplesreview.com/2026/02/07/free-fair-polls-unlikely-as-fugitives-weapons-still-missing-na/,2026-02-07T02:15:00+00:00,Mypeoplesreview.com,0.11666666666666667,0.5370370370370369,0.183,0.583,0.233,0.5267,"['free fair poll', 'post free fair', 'member national assembly', 'national assembly expressed', 'assembly expressed concern']","bezos, risk, post","['bezos', 'risk', 'post', 'world', 'representation', 'cratering', 'great', 'factbook', 'transformed', 'scandal']",,,,,
698821fd66a6a90f207290b9,newsapi,media,2026-02-08 05:41:17.689,earthquake,architect aim rebuild church revive quakehit hatays multicultural past,bid help resident reconnect shattered city architect buse ceren gül taken mission rebuilding 166yearold st paul’s greek orthodox church southern province hatay’s antakya devastated catastrophic feb …,https://www.hurriyetdailynews.com/architect-aims-to-rebuild-church-to-revive-quake-hit-hatays-multicultural-past-218686,2026-02-07T05:31:31+00:00,Hurriyet Daily News,-0.1125,0.2125,0.222,0.668,0.11,-0.7351,"['devastated catastrophic feb', 'multicultural past bid', 'resident reconnect shattered', 'reconnect shattered city', 'buse ceren gül']","earthquake, magnitude, feb","['earthquake', 'magnitude', 'feb', 'struck', 'city', 'different', 'million', 'theater', 'church', 'disaster']",,,,,
69885d7733f15a5559beb014,newsapi,media,2026-02-08 09:55:03.673,earthquake,discipline can’t cost humanity rajasthan high court reinstates crpf constable fired 23 year ago medical emergency,rajasthan high court hearing petition filed crpf constable challenging removal service 2002 directed reinstatement,https://indianexpress.com/article/legal-news/discipline-cant-cost-humanity-rajasthan-high-court-reinstates-crpf-constable-fired-23-years-ago-over-medical-emergency-10517867/,2026-02-07T09:30:44+00:00,The Indian Express,0.20500000000000002,0.52,0.178,0.776,0.046,-0.6808,"['rajasthan high court', 'year ago medical', 'challenging removal service', 'crpf constable fired', 'high court reinstates']",Other,[],,,,,
6988c0bd379612aefbdf5ea0,newsapi,media,2026-02-08 16:58:37.142,earthquake,modi say malaysia india trusted partner,seri kembangan indian prime minister narendra modi hailed malaysia close trusted partner underscored indian diaspora pivotal role living bridge anchoring deepening comprehensive strategic partnership two countries…,https://www.thestar.com.my/news/nation/2026/02/07/modi-says-malaysia-is-india039s-039trusted-partner039,2026-02-07T15:53:00+00:00,The Star Online,0.5,0.8,0.0,0.735,0.265,0.8442,"['prime minister narendra', 'diaspora pivotal role', 'pivotal role living', 'role living bridge', 'living bridge anchoring']",Other,[],,,,,
6988c0bd379612aefbdf5ea1,newsapi,media,2026-02-08 16:58:37.158,earthquake,earthquake strike near naya bazar ilam,kathmandu earthquake magnitude 50 richter scale struck near naya bazar mai jogmai rural municipality ilam district saturday evening according national seismological center lainchaur epicenter located vic…,https://english.khabarhub.com/2026/07/534231/,2026-02-07T15:21:44+00:00,Khabarhub.com,0.025,0.225,0.104,0.896,0.0,-0.3612,"['richter scale struck', 'epicenter located vic', 'naya bazar mai', 'kathmandu earthquake magnitude', 'mai jogmai rural']","earthquake, magnitude, feb","['earthquake', 'magnitude', 'feb', 'struck', 'city', 'different', 'million', 'theater', 'church', 'disaster']",,,,,
6988c0bd379612aefbdf5ea2,newsapi,media,2026-02-08 16:58:37.161,earthquake,bad bunny environmental justice educator here’s music teach u,nfl promising american public super bowl dance keep mind halftime show headliner bad bunny way world’s mostplayed recording artist 2025 latin grammy grammy winner benito antonio m…,https://www.commondreams.org/opinion/bad-bunny-environmental-justice,2026-02-07T13:03:03+00:00,Common Dreams,-0.1444444444444444,0.42777777777777776,0.138,0.591,0.272,0.7783,"['mostplayed recording artist', 'environmental justice educator', 'nfl promising american', 'promising american public', 'american public super']",Other,[],,,,,
6988c0bd379612aefbdf5ea3,newsapi,media,2026-02-08 16:58:37.163,earthquake,trump’s worst week democrats’ best signal,much tasty goodness week democrat notched earthquakelevel shock win texas special election saw turn 17 point loss 2024 15 point win 32 swing utterly insane like previous surprise win special…,https://crooksandliars.com/2026/02/trump-s-worst-week-democrats-best-signal,2026-02-07T13:00:01+00:00,Crooksandliars.com,0.19894179894179898,0.4931216931216931,0.193,0.386,0.421,0.9347,"['swing utterly insane', 'democrat notched earthquakelevel', 'notched earthquakelevel shock', 'tasty goodness week', 'worst week democrats’']",Other,[],,,,,
6988c0bd379612aefbdf5ea4,newsapi,media,2026-02-08 16:58:37.167,earthquake,dissecting china’s open wrath,p kharel “activities china nepal merely political dissent state policy” … post dissecting china’s open wrath appeared first people review,https://mypeoplesreview.com/2026/02/07/dissecting-chinas-open-wrath/,2026-02-07T12:51:11+00:00,Mypeoplesreview.com,0.0625,0.35833333333333334,0.0,1.0,0.0,0.0,"['dissent state policy', 'activities china nepal', 'post dissecting china', 'open wrath appeared', 'political dissent state']","bezos, risk, post","['bezos', 'risk', 'post', 'world', 'representation', 'cratering', 'great', 'factbook', 'transformed', 'scandal']",,,,,
6988cb99ddee7a369523cf13,newsapi,media,2026-02-08 17:44:57.622,earthquake,digitally rebuilding lighthouse alexandria one seven wonder ancient world,project underway reconstruct lighthouse one seven wonder ancient world 3d computer model,https://www.artnews.com/art-news/news/digitally-rebuilding-lighthouse-of-alexandria-as-3d-model-1234772703/,2026-02-07T17:33:47+00:00,ARTnews,0.0,0.0,0.0,1.0,0.0,0.0,"['ancient world project', 'digitally rebuilding lighthouse', 'project underway reconstruct', 'world project underway', 'rebuilding lighthouse alexandria']","earthquake, magnitude, feb","['earthquake', 'magnitude', 'feb', 'struck', 'city', 'different', 'million', 'theater', 'church', 'disaster']",,,,,
6989dce17090f0dfeb948e7f,newsapi,media,2026-02-09 13:10:57.572,earthquake,magniitude 55 earthquake strike cuba emsc say,feb ‌8 reuters ‌magnitude 55 ‌earthquake struck cuba sunday ‍the european ‍mediterranean ‌seismological centre emsc said read full story,https://www.thestar.com.my/news/world/2026/02/08/magniitude-55-earthquake-strikes-cuba-emsc-says,2026-02-08T12:26:00+00:00,The Star Online,0.175,0.275,0.127,0.873,0.0,-0.3612,"['read full story', 'struck cuba sunday', 'seismological centre emsc', 'earthquake strike cuba', 'earthquake struck cuba']","earthquake, magnitude, feb","['earthquake', 'magnitude', 'feb', 'struck', 'city', 'different', 'million', 'theater', 'church', 'disaster']",,,,,
6989dce17090f0dfeb948e80,newsapi,media,2026-02-09 13:10:57.576,earthquake,seahawks fan called 12 story behind nfls loudest fan,loudest passionate get call 12 story behind seahawks fan nickname,https://www.usatoday.com/story/sports/nfl/super-bowl/2026/02/08/seahawks-12s-nickname-origin-history/88530763007/,2026-02-08T11:03:29+00:00,USA Today,-0.2833333333333334,0.75,0.0,0.593,0.407,0.8519,"['seahawks fan called', 'seahawks fan nickname', 'fan loudest passionate', 'nfls loudest fan', 'loudest fan loudest']",Other,[],,,,,
6989dce17090f0dfeb948e81,newsapi,media,2026-02-09 13:10:57.578,earthquake,disaster declaration tennessee mississippi approved president trump following historic winter storm fern,president donald trump granted major disaster declaration tennessee mississippi historic winter storm fern struck 40 state,https://dailycaller.com/2026/02/08/disaster-declarations-tennessee-mississippi-donald-trump-approved-winter-storm-fern/,2026-02-08T06:00:46+00:00,The Daily Caller,0.015625,0.15,0.274,0.601,0.125,-0.7713,"['disaster declaration tennessee', 'declaration tennessee mississippi', 'historic winter storm', 'winter storm fern', 'storm fern struck']","earthquake, magnitude, feb","['earthquake', 'magnitude', 'feb', 'struck', 'city', 'different', 'million', 'theater', 'church', 'disaster']",,,,,
6989dce17090f0dfeb948e82,newsapi,media,2026-02-09 13:10:57.580,earthquake,world factbook,,https://simonw.github.io/cia-world-factbook-2020/,2026-02-08T05:47:02+00:00,Github.io,0.0,0.0,0.0,1.0,0.0,0.0,"['world factbook', 'world', 'factbook']","bezos, risk, post","['bezos', 'risk', 'post', 'world', 'representation', 'cratering', 'great', 'factbook', 'transformed', 'scandal']",,,,,
6989f2b248dc8b6da506cef2,newsapi,media,2026-02-09 14:44:02.140,earthquake,people heal different way different pace,disaster assumption prevail mental health recovery people respond different pace different timeframes using different mechanism,https://www.psychologytoday.com/us/blog/disaster-by-choice/202602/people-heal-in-different-ways-and-at-different-paces,2026-02-08T14:35:59+00:00,Psychology Today,-0.016666666666666666,0.5333333333333333,0.17,0.83,0.0,-0.6249,"['pace disaster assumption', 'disaster assumption prevail', 'assumption prevail mental', 'prevail mental health', 'mental health recovery']","earthquake, magnitude, feb","['earthquake', 'magnitude', 'feb', 'struck', 'city', 'different', 'million', 'theater', 'church', 'disaster']",,,,,
698a00927382ae721cd3b148,,,,,,,,,,,,,,,-0.9876915678284452,,test_topic,,,,,,2026-02-09T15:43:14.190740
698a09f8965a6a7ada1023c8,newsapi,media,2026-02-09 16:23:20.863,earthquake,govt provides aid worth rp351 million pacitan quake response,indonesian government provided rp3518 million approximately us20871 logistics emergency aid support resident affected,https://en.antaranews.com/news/403550/govt-provides-aid-worth-rp351-million-for-pacitan-quake-response,2026-02-08T15:53:43+00:00,Antaranews.com,-0.05000000000000002,0.35,0.157,0.672,0.172,0.1027,"['indonesian government provided', 'support resident affected', 'million pacitan quake', 'logistics emergency aid', 'pacitan quake response']","earthquake, magnitude, feb","['earthquake', 'magnitude', 'feb', 'struck', 'city', 'different', 'million', 'theater', 'church', 'disaster']",,,,,
698a3574965a6a7ada1027fe,newsapi,media,2026-02-09 19:28:52.445,earthquake,payne haas bombshell changed fate two nrl powerhouse,payne haass decision leave brisbane south sydney 2027 didnt shock rugby league world transformed future two rugby league powerful club instant,https://www.abc.net.au/news/2026-02-09/payne-haas-brisbane-broncos-south-sydney-nrl/106319624,2026-02-08T19:24:41+00:00,ABC News (AU),0.09999999999999999,0.5972222222222222,0.037,0.808,0.155,0.5837,"['brisbane south sydney', 'powerful club instant', 'didnt shock rugby', 'haas bombshell changed', 'bombshell changed fate']","bezos, risk, post","['bezos', 'risk', 'post', 'world', 'representation', 'cratering', 'great', 'factbook', 'transformed', 'scandal']",,,,,
698a97698aa2943e12b16b90,newsapi,media,2026-02-10 02:26:49.087,earthquake,26 million tourist visit annapurna region 25 year,gandaki total 2632 million foreign tourist visited annapurna region one world’s renowned trekking destination past 25 year according annapurna conservation area project acap tourist arrival stood 65313…,https://english.khabarhub.com/2026/09/534355/,2026-02-09T01:45:27+00:00,Khabarhub.com,-0.125,0.375,0.0,1.0,0.0,0.0,"['year gandaki total', 'trekking destination past', 'renowned trekking destination', 'conservation area project', 'area project acap']",Other,[],,,,,
698a97698aa2943e12b16b91,newsapi,media,2026-02-10 02:26:49.089,earthquake,blackpink’s jisoo’s “earthquake” mv soar past 100 million view,blackpink’s jisoo hit 100 million mark “earthquake” music video february 7 kst around 330 pm kst jisoo’s music video “earthquake” title track solo mini album “amortage” surpassed 100 million view youtube jisoo…,http://www.soompi.com/article/1818056wpp/blackpinks-jisoos-earthquake-mv-soars-past-100-million-views,2026-02-09T00:06:01+00:00,soompi,-0.25,0.25,0.0,1.0,0.0,0.0,"['million view youtube', 'title track solo', 'solo mini album', 'million view blackpink', 'music video february']","earthquake, magnitude, feb","['earthquake', 'magnitude', 'feb', 'struck', 'city', 'different', 'million', 'theater', 'church', 'disaster']",,,,,
698a97698aa2943e12b16b92,newsapi,media,2026-02-10 02:26:49.090,earthquake,seismic alarm go mexico city reuters witness,mexico city feb 8 reuters magnitude 57 earthquake struck near puerto escondido southern mexican state oaxaca sunday mexico’s national seismological … leggi,https://www.internazionale.it/ultime-notizie-reuters/2026/02/08/seismic-alarm-goes-off-in-mexico-city-reuters-witness,2026-02-08T21:53:26+00:00,Internazionale.it,0.03333333333333333,0.13333333333333333,0.14,0.86,0.0,-0.5267,"['mexico city feb', 'puerto escondido southern', 'escondido southern mexican', 'southern mexican state', 'mexican state oaxaca']","earthquake, magnitude, feb","['earthquake', 'magnitude', 'feb', 'struck', 'city', 'different', 'million', 'theater', 'church', 'disaster']",,,,,
698a97698aa2943e12b16b93,newsapi,media,2026-02-10 02:26:49.090,earthquake,andrew shared confidential information epstein trade envoy file suggest bbc,andrew shared confidential information epstein trade envoy file suggestbbc epstein scandal taking europe’s political class u they’re getting passpolitico ‘i always team’ andrew’s aide kept close tie e…,https://slashdot.org/firehose.pl?op=view&amp;id=180758210,2026-02-08T21:32:18+00:00,Slashdot.org,0.0,0.1,0.068,0.82,0.112,0.2263,"['shared confidential information', 'trade envoy file', 'confidential information epstein', 'information epstein trade', 'epstein trade envoy']","bezos, risk, post","['bezos', 'risk', 'post', 'world', 'representation', 'cratering', 'great', 'factbook', 'transformed', 'scandal']",,,,,
698aca57965a6a7ada102ab9,newsapi,media,2026-02-10 06:04:07.319,earthquake,istanbul host woman playwright theater festival,fourth istanbul international woman playwright theater festival organized state theater opened year ceremony held atatürk cultural center akm theater hall,https://www.hurriyetdailynews.com/istanbul-hosts-women-playwrights-theater-festival-218726,2026-02-09T05:59:21+00:00,Hurriyet Daily News,0.0,0.05,0.0,0.789,0.211,0.7506,"['playwright theater festival', 'woman playwright theater', 'host woman playwright', 'international woman playwright', 'akm theater hall']","earthquake, magnitude, feb","['earthquake', 'magnitude', 'feb', 'struck', 'city', 'different', 'million', 'theater', 'church', 'disaster']",,,,,
698aca57965a6a7ada102abc,newsapi,media,2026-02-10 06:04:07.335,earthquake,tepco restarts reactor kashiwazakikariwa nuclear power plant,tokyo tokyo electric power company tepco monday feb 9 restarted 6 reactor kashiwazakikariwa nuclear power plant malfunction caused stoppage last monthtepco shut,https://www.channelnewsasia.com/east-asia/japan-tepco-nuclear-power-plant-restart-reactor-kashiwazaki-kariwa-5917081,2026-02-09T05:48:31+00:00,CNA,0.0,0.06666666666666667,0.0,1.0,0.0,0.0,"['reactor kashiwazakikariwa nuclear', 'kashiwazakikariwa nuclear power', 'nuclear power plant', 'restarts reactor kashiwazakikariwa', 'tepco monday feb']",Other,[],,,,,
698aca57965a6a7ada102abe,newsapi,media,2026-02-10 06:04:07.339,earthquake,anthropic hive mind you’ve probably noticed something… steve yegge feb 2026 medium,you’ve probably noticed something happening anthropic spaceship beginning take,https://steve-yegge.medium.com/the-anthropic-hive-mind-d01f768f3d7b,2026-02-09T05:47:01+00:00,Medium,0.0,0.0,0.0,1.0,0.0,0.0,"['steve yegge feb', '’ve probably noticed', 'anthropic hive mind', 'happening anthropic spaceship', 'anthropic spaceship beginning']",Other,[],,,,,
698aca57965a6a7ada102ac1,newsapi,media,2026-02-10 06:04:07.344,earthquake,snow headed northeast new england active winter pattern continues,active winter pattern rapidly making return portion new england northeast potential cause notable travel interruption,https://dailycaller.com/2026/02/08/snow-northeast-new-england-active-winter-pattern-weather/,2026-02-09T04:24:42+00:00,The Daily Caller,0.08434343434343435,0.6015151515151514,0.087,0.727,0.187,0.4404,"['active winter pattern', 'notable travel interruption', 'winter pattern continues', 'continues active winter', 'winter pattern rapidly']","earthquake, magnitude, feb","['earthquake', 'magnitude', 'feb', 'struck', 'city', 'different', 'million', 'theater', 'church', 'disaster']",,,,,
698acc64c460a8f52919fca6,newsapi,media,2026-02-10 06:12:52.574,earthquake,japan restarts world’s biggest nuclear plant,japan switched world’s biggest nuclear power plant monday operator said earlier attempt quickly suspended due minor glitch problem monitoring alarm january forced suspension first restart since t…,https://www.digitaljournal.com/world/japan-restarts-worlds-biggest-nuclear-plant-again/article,2026-02-09T06:12:20+00:00,Digital Journal,0.018055555555555547,0.3513888888888889,0.279,0.721,0.0,-0.8807,"['biggest nuclear power', 'earlier attempt quickly', 'attempt quickly suspended', 'quickly suspended due', 'suspended due minor']",Other,[],,,,,
698af963965a6a7ada102c57,newsapi,media,2026-02-10 09:24:51.522,earthquake,“hum” earth scientist record planet’s constant lowfrequency ring,earth constantly vibrates lowfrequency hum imperceptible human generated primarily ocean wave interacting seafloor continuous seismic signal far earthquake level offer scientist unique way study planet …,https://economictimes.indiatimes.com/news/international/us/the-hum-of-the-earth-scientists-record-the-planets-constant-low-frequency-ring/articleshow/128106309.cms,2026-02-09T09:04:40+00:00,The Times of India,0.09642857142857143,0.49523809523809526,0.0,1.0,0.0,0.0,"['imperceptible human generated', 'human generated primarily', 'generated primarily ocean', 'primarily ocean wave', 'ocean wave interacting']",Other,[],,,,,
698af963965a6a7ada102c5b,newsapi,media,2026-02-10 09:24:51.550,earthquake,today history february 9 halley’s comet pa earth,halley’s comet made closest pa earth 39 million mile first return solar system since 1910 comet’s next appearance 2061,https://www.denverpost.com/2026/02/09/today-in-history-february-9-halleys-comet-passes-by-earth/,2026-02-09T09:00:37+00:00,The Denver Post,0.125,0.16666666666666666,0.0,1.0,0.0,0.0,"['today history february', 'return solar system', 'comet made closest', 'pas earth halley', 'comet pas earth']",Other,[],,,,,
698af963965a6a7ada102c5f,newsapi,media,2026-02-10 09:24:51.560,earthquake,ipoh rattled mystery boom seismic activity detected,ipohthe perak mineral geoscience department jmg received complaint mysterious loud noise heard several area surrounding district read full story,https://www.thestar.com.my/news/nation/2026/02/09/ipoh-rattled-by-mystery-boom-again-no-seismic-activity-detected,2026-02-09T08:54:00+00:00,The Star Online,0.03,0.51,0.081,0.919,0.0,-0.296,"['ipoh rattled mystery', 'read full story', 'rattled mystery boom', 'mystery boom seismic', 'boom seismic activity']",Other,[],,,,,
698af963965a6a7ada102c63,newsapi,media,2026-02-10 09:24:51.564,earthquake,jeff bezos ruined washington post sell,medium veteran examines bezos transformed newspaper savior destroyer cutting staff net worth soar 224 billion since purchase,https://www.foxnews.com/opinion/how-jeff-bezos-ruined-washington-post-why-he-should-sell,2026-02-09T08:00:53+00:00,Fox News,-0.075,0.25,0.267,0.667,0.067,-0.6908,"['net worth soar', 'jeff bezos ruined', 'ruined washington post', 'washington post sell', 'post sell medium']","bezos, risk, post","['bezos', 'risk', 'post', 'world', 'representation', 'cratering', 'great', 'factbook', 'transformed', 'scandal']",,,,,
698afabb8ed7da4dc73f42bf,newsapi,media,2026-02-10 09:30:35.334,earthquake,today history february 9 halley’s comet pas earth,halley’s comet made closest pa earth 39 million mile first return solar system since 1910 comet’s next appearance 2061,https://www.denverpost.com/2026/02/09/today-in-history-february-9-halleys-comet-passes-by-earth/,2026-02-09T09:00:37+00:00,The Denver Post,0.125,0.16666666666666666,0.0,1.0,0.0,0.0,"['today history february', 'return solar system', 'made closest pas', 'closest pas earth', 'pass earth halley']",Other,[],,,,,
698afbdac460a8f52919fe42,newsapi,media,2026-02-10 09:35:22.565,earthquake,“hum” earth scientist record planet’s constant lowfrequency ring,earth constantly vibrates lowfrequency hum imperceptible human generated primarily ocean wave interacting seafloor continuous seismic signal far earthquake level offer scientist unique way study planet …,https://economictimes.indiatimes.com/news/international/us/the-hum-of-the-earth-scientists-record-the-planets-constant-low-frequency-ring/articleshow/128106309.cms,2026-02-09T09:04:40+00:00,The Times of India,0.09642857142857143,0.49523809523809526,0.0,1.0,0.0,0.0,,,,,,,,
698afbdac460a8f52919fe43,newsapi,media,2026-02-10 09:35:22.572,earthquake,today history february 9 halley’s comet pass earth,halley’s comet made closest pas earth 39 million mile first return solar system since 1910 comet’s next appearance 2061,https://www.denverpost.com/2026/02/09/today-in-history-february-9-halleys-comet-passes-by-earth/,2026-02-09T09:00:37+00:00,The Denver Post,0.125,0.16666666666666666,0.0,1.0,0.0,0.0,,,,,,,,
698afbdac460a8f52919fe44,newsapi,media,2026-02-10 09:35:22.578,earthquake,ipoh rattled mystery boom seismic activity detected,ipohthe perak mineral geoscience department jmg received complaint mysterious loud noise heard several area surrounding district read full story,https://www.thestar.com.my/news/nation/2026/02/09/ipoh-rattled-by-mystery-boom-again-no-seismic-activity-detected,2026-02-09T08:54:00+00:00,The Star Online,0.03,0.51,0.081,0.919,0.0,-0.296,,,,,,,,
698afbdac460a8f52919fe45,newsapi,media,2026-02-10 09:35:22.581,earthquake,jeff bezos ruined washington post sell,medium veteran examines bezos transformed newspaper savior destroyer cutting staff net worth soar 224 billion since purchase,https://www.foxnews.com/opinion/how-jeff-bezos-ruined-washington-post-why-he-should-sell,2026-02-09T08:00:53+00:00,Fox News,-0.075,0.25,0.267,0.667,0.067,-0.6908,,,,,,,,
