_id,source,category,collected_at,data.country,data.year,data.value,data.indicator
698626e8809a30b10e4cbf0c,who,health,2026-02-06 17:37:44.482,SOM,2008,48.0 [46.7-49.6],WHOSIS_000001
698626e8809a30b10e4cbf0d,who,health,2026-02-06 17:37:44.482,BTN,2002,67.8 [67.1-68.6],WHOSIS_000001
698626e8809a30b10e4cbf0e,who,health,2026-02-06 17:37:44.482,BHR,2011,75.2 [75.1-75.4],WHOSIS_000001
698626e8809a30b10e4cbf0f,who,health,2026-02-06 17:37:44.482,SAU,2005,73.1 [72.8-73.5],WHOSIS_000001
698626e8809a30b10e4cbf10,who,health,2026-02-06 17:37:44.482,CYP,2003,76.9 [76.7-77.2],WHOSIS_000001
6986c5809e65fbf31aef162a,who,health,2026-02-07 04:54:24.080,SOM,2008,48.0 [46.7-49.6],WHOSIS_000001
6986c5809e65fbf31aef162b,who,health,2026-02-07 04:54:24.083,BTN,2002,67.8 [67.1-68.6],WHOSIS_000001
6986c5809e65fbf31aef162c,who,health,2026-02-07 04:54:24.083,BHR,2011,75.2 [75.1-75.4],WHOSIS_000001
6986c5809e65fbf31aef162d,who,health,2026-02-07 04:54:24.083,SAU,2005,73.1 [72.8-73.5],WHOSIS_000001
6986c5809e65fbf31aef162e,who,health,2026-02-07 04:54:24.084,CYP,2003,76.9 [76.7-77.2],WHOSIS_000001
6986c59296208d78248d7191,who,health,2026-02-07 04:54:42.213,SOM,2008,48.0 [46.7-49.6],WHOSIS_000001
6986c59296208d78248d7192,who,health,2026-02-07 04:54:42.216,BTN,2002,67.8 [67.1-68.6],WHOSIS_000001
6986c59296208d78248d7193,who,health,2026-02-07 04:54:42.217,BHR,2011,75.2 [75.1-75.4],WHOSIS_000001
6986c59296208d78248d7194,who,health,2026-02-07 04:54:42.217,SAU,2005,73.1 [72.8-73.5],WHOSIS_000001
6986c59296208d78248d7195,who,health,2026-02-07 04:54:42.218,CYP,2003,76.9 [76.7-77.2],WHOSIS_000001
6986cc858816c3505348c1de,who,health,2026-02-07 05:24:21.828,SOM,2008,48.0 [46.7-49.6],WHOSIS_000001
6986cc858816c3505348c1df,who,health,2026-02-07 05:24:21.829,BTN,2002,67.8 [67.1-68.6],WHOSIS_000001
6986cc858816c3505348c1e0,who,health,2026-02-07 05:24:21.831,BHR,2011,75.2 [75.1-75.4],WHOSIS_000001
6986cc858816c3505348c1e1,who,health,2026-02-07 05:24:21.831,SAU,2005,73.1 [72.8-73.5],WHOSIS_000001
6986cc858816c3505348c1e2,who,health,2026-02-07 05:24:21.832,CYP,2003,76.9 [76.7-77.2],WHOSIS_000001
6986cdb14759a9d81be11569,who,health,2026-02-07 05:29:21.036,SOM,2008,48.0 [46.7-49.6],WHOSIS_000001
6986cdb14759a9d81be1156a,who,health,2026-02-07 05:29:21.039,BTN,2002,67.8 [67.1-68.6],WHOSIS_000001
6986cdb14759a9d81be1156b,who,health,2026-02-07 05:29:21.039,BHR,2011,75.2 [75.1-75.4],WHOSIS_000001
6986cdb14759a9d81be1156c,who,health,2026-02-07 05:29:21.039,SAU,2005,73.1 [72.8-73.5],WHOSIS_000001
6986cdb14759a9d81be1156d,who,health,2026-02-07 05:29:21.041,CYP,2003,76.9 [76.7-77.2],WHOSIS_000001
6986d1b3a9d19f747cb396c8,who,health,2026-02-07 05:46:27.657,SOM,2008,48.0 [46.7-49.6],WHOSIS_000001
6986d1b3a9d19f747cb396c9,who,health,2026-02-07 05:46:27.658,BTN,2002,67.8 [67.1-68.6],WHOSIS_000001
6986d1b3a9d19f747cb396ca,who,health,2026-02-07 05:46:27.659,BHR,2011,75.2 [75.1-75.4],WHOSIS_000001
6986d1b3a9d19f747cb396cb,who,health,2026-02-07 05:46:27.659,SAU,2005,73.1 [72.8-73.5],WHOSIS_000001
6986d1b3a9d19f747cb396cc,who,health,2026-02-07 05:46:27.661,CYP,2003,76.9 [76.7-77.2],WHOSIS_000001
6986d3c5a8c3c4fef25bf649,who,health,2026-02-07 05:55:17.587,SOM,2008,48.0 [46.7-49.6],WHOSIS_000001
6986d3c5a8c3c4fef25bf64a,who,health,2026-02-07 05:55:17.588,BTN,2002,67.8 [67.1-68.6],WHOSIS_000001
6986d3c5a8c3c4fef25bf64b,who,health,2026-02-07 05:55:17.589,BHR,2011,75.2 [75.1-75.4],WHOSIS_000001
6986d3c5a8c3c4fef25bf64c,who,health,2026-02-07 05:55:17.589,SAU,2005,73.1 [72.8-73.5],WHOSIS_000001
6986d3c5a8c3c4fef25bf64d,who,health,2026-02-07 05:55:17.590,CYP,2003,76.9 [76.7-77.2],WHOSIS_000001
6986d80e85166b9379a901c0,who,health,2026-02-07 06:13:34.448,SOM,2008,48.0 [46.7-49.6],WHOSIS_000001
6986d80e85166b9379a901c1,who,health,2026-02-07 06:13:34.450,BTN,2002,67.8 [67.1-68.6],WHOSIS_000001
6986d80e85166b9379a901c2,who,health,2026-02-07 06:13:34.452,BHR,2011,75.2 [75.1-75.4],WHOSIS_000001
6986d80e85166b9379a901c3,who,health,2026-02-07 06:13:34.453,SAU,2005,73.1 [72.8-73.5],WHOSIS_000001
6986d80e85166b9379a901c4,who,health,2026-02-07 06:13:34.455,CYP,2003,76.9 [76.7-77.2],WHOSIS_000001
6986e09dd35496afd293c864,who,health,2026-02-07 06:50:05.872,SOM,2008,48.0 [46.7-49.6],WHOSIS_000001
6986e09dd35496afd293c865,who,health,2026-02-07 06:50:05.955,BTN,2002,67.8 [67.1-68.6],WHOSIS_000001
6986e09dd35496afd293c866,who,health,2026-02-07 06:50:05.957,BHR,2011,75.2 [75.1-75.4],WHOSIS_000001
6986e09dd35496afd293c867,who,health,2026-02-07 06:50:05.958,SAU,2005,73.1 [72.8-73.5],WHOSIS_000001
6986e09dd35496afd293c868,who,health,2026-02-07 06:50:05.960,CYP,2003,76.9 [76.7-77.2],WHOSIS_000001
6986e2325b5e7f2827658b50,who,health,2026-02-07 06:56:50.598,SOM,2008,48.0 [46.7-49.6],WHOSIS_000001
6986e2325b5e7f2827658b51,who,health,2026-02-07 06:56:50.600,BTN,2002,67.8 [67.1-68.6],WHOSIS_000001
6986e2325b5e7f2827658b52,who,health,2026-02-07 06:56:50.601,BHR,2011,75.2 [75.1-75.4],WHOSIS_000001
6986e2325b5e7f2827658b53,who,health,2026-02-07 06:56:50.602,SAU,2005,73.1 [72.8-73.5],WHOSIS_000001
6986e2325b5e7f2827658b54,who,health,2026-02-07 06:56:50.603,CYP,2003,76.9 [76.7-77.2],WHOSIS_000001
6986e6f8db0ae8e0edca7c93,who,health,2026-02-07 07:17:12.160,SOM,2008,48.0 [46.7-49.6],WHOSIS_000001
6986e6f8db0ae8e0edca7c94,who,health,2026-02-07 07:17:12.161,BTN,2002,67.8 [67.1-68.6],WHOSIS_000001
6986e6f8db0ae8e0edca7c95,who,health,2026-02-07 07:17:12.161,BHR,2011,75.2 [75.1-75.4],WHOSIS_000001
6986e6f8db0ae8e0edca7c96,who,health,2026-02-07 07:17:12.162,SAU,2005,73.1 [72.8-73.5],WHOSIS_000001
6986e6f8db0ae8e0edca7c97,who,health,2026-02-07 07:17:12.162,CYP,2003,76.9 [76.7-77.2],WHOSIS_000001
6986ea11cbe0d5edc11c8d47,who,health,2026-02-07 07:30:25.726,SOM,2008,48.0 [46.7-49.6],WHOSIS_000001
6986ea11cbe0d5edc11c8d48,who,health,2026-02-07 07:30:25.727,BTN,2002,67.8 [67.1-68.6],WHOSIS_000001
6986ea11cbe0d5edc11c8d49,who,health,2026-02-07 07:30:25.727,BHR,2011,75.2 [75.1-75.4],WHOSIS_000001
6986ea11cbe0d5edc11c8d4a,who,health,2026-02-07 07:30:25.728,SAU,2005,73.1 [72.8-73.5],WHOSIS_000001
6986ea11cbe0d5edc11c8d4b,who,health,2026-02-07 07:30:25.728,CYP,2003,76.9 [76.7-77.2],WHOSIS_000001
6986ec47f034bb44a450be7c,who,health,2026-02-07 07:39:51.896,SOM,2008,48.0 [46.7-49.6],WHOSIS_000001
6986ec47f034bb44a450be7d,who,health,2026-02-07 07:39:51.897,BTN,2002,67.8 [67.1-68.6],WHOSIS_000001
6986ec47f034bb44a450be7e,who,health,2026-02-07 07:39:51.897,BHR,2011,75.2 [75.1-75.4],WHOSIS_000001
6986ec47f034bb44a450be7f,who,health,2026-02-07 07:39:51.897,SAU,2005,73.1 [72.8-73.5],WHOSIS_000001
6986ec47f034bb44a450be80,who,health,2026-02-07 07:39:51.898,CYP,2003,76.9 [76.7-77.2],WHOSIS_000001
6986f2aced165caad0ca1949,who,health,2026-02-07 08:07:08.731,SOM,2008,48.0 [46.7-49.6],WHOSIS_000001
6986f2aced165caad0ca194a,who,health,2026-02-07 08:07:08.732,BTN,2002,67.8 [67.1-68.6],WHOSIS_000001
6986f2aced165caad0ca194b,who,health,2026-02-07 08:07:08.732,BHR,2011,75.2 [75.1-75.4],WHOSIS_000001
6986f2aced165caad0ca194c,who,health,2026-02-07 08:07:08.732,SAU,2005,73.1 [72.8-73.5],WHOSIS_000001
6986f2aced165caad0ca194d,who,health,2026-02-07 08:07:08.732,CYP,2003,76.9 [76.7-77.2],WHOSIS_000001
6986f3a50c7f70dac5b33bc3,who,health,2026-02-07 08:11:17.838,SOM,2008,48.0 [46.7-49.6],WHOSIS_000001
6986f3a50c7f70dac5b33bc4,who,health,2026-02-07 08:11:17.839,BTN,2002,67.8 [67.1-68.6],WHOSIS_000001
6986f3a50c7f70dac5b33bc5,who,health,2026-02-07 08:11:17.839,BHR,2011,75.2 [75.1-75.4],WHOSIS_000001
6986f3a50c7f70dac5b33bc6,who,health,2026-02-07 08:11:17.839,SAU,2005,73.1 [72.8-73.5],WHOSIS_000001
6986f3a50c7f70dac5b33bc7,who,health,2026-02-07 08:11:17.839,CYP,2003,76.9 [76.7-77.2],WHOSIS_000001
6986f842e870bca2bb29d9f4,who,health,2026-02-07 08:30:58.853,SOM,2008,48.0 [46.7-49.6],WHOSIS_000001
6986f842e870bca2bb29d9f5,who,health,2026-02-07 08:30:58.853,BTN,2002,67.8 [67.1-68.6],WHOSIS_000001
6986f842e870bca2bb29d9f6,who,health,2026-02-07 08:30:58.854,BHR,2011,75.2 [75.1-75.4],WHOSIS_000001
6986f842e870bca2bb29d9f7,who,health,2026-02-07 08:30:58.854,SAU,2005,73.1 [72.8-73.5],WHOSIS_000001
6986f842e870bca2bb29d9f8,who,health,2026-02-07 08:30:58.854,CYP,2003,76.9 [76.7-77.2],WHOSIS_000001
698713889a886ea5c92a234b,who,health,2026-02-07 10:27:20.873,SOM,2008,48.0 [46.7-49.6],WHOSIS_000001
698713889a886ea5c92a234c,who,health,2026-02-07 10:27:20.876,BTN,2002,67.8 [67.1-68.6],WHOSIS_000001
698713889a886ea5c92a234d,who,health,2026-02-07 10:27:20.877,BHR,2011,75.2 [75.1-75.4],WHOSIS_000001
698713889a886ea5c92a234e,who,health,2026-02-07 10:27:20.877,SAU,2005,73.1 [72.8-73.5],WHOSIS_000001
698713889a886ea5c92a234f,who,health,2026-02-07 10:27:20.877,CYP,2003,76.9 [76.7-77.2],WHOSIS_000001
6987147f31432274cbae8956,who,health,2026-02-07 10:31:27.269,SOM,2008,48.0 [46.7-49.6],WHOSIS_000001
6987147f31432274cbae8957,who,health,2026-02-07 10:31:27.270,BTN,2002,67.8 [67.1-68.6],WHOSIS_000001
6987147f31432274cbae8958,who,health,2026-02-07 10:31:27.270,BHR,2011,75.2 [75.1-75.4],WHOSIS_000001
6987147f31432274cbae8959,who,health,2026-02-07 10:31:27.270,SAU,2005,73.1 [72.8-73.5],WHOSIS_000001
6987147f31432274cbae895a,who,health,2026-02-07 10:31:27.271,CYP,2003,76.9 [76.7-77.2],WHOSIS_000001
6987176aadcc4cedb83b8232,who,health,2026-02-07 10:43:54.213,SOM,2008,48.0 [46.7-49.6],WHOSIS_000001
6987176aadcc4cedb83b8233,who,health,2026-02-07 10:43:54.214,BTN,2002,67.8 [67.1-68.6],WHOSIS_000001
6987176aadcc4cedb83b8234,who,health,2026-02-07 10:43:54.214,BHR,2011,75.2 [75.1-75.4],WHOSIS_000001
6987176aadcc4cedb83b8235,who,health,2026-02-07 10:43:54.214,SAU,2005,73.1 [72.8-73.5],WHOSIS_000001
6987176aadcc4cedb83b8236,who,health,2026-02-07 10:43:54.215,CYP,2003,76.9 [76.7-77.2],WHOSIS_000001
69876fa76ea3ff3909394ddf,who,health,2026-02-07 17:00:23.076,SOM,2008,48.0 [46.7-49.6],WHOSIS_000001
69876fa76ea3ff3909394de0,who,health,2026-02-07 17:00:23.077,BTN,2002,67.8 [67.1-68.6],WHOSIS_000001
69876fa76ea3ff3909394de1,who,health,2026-02-07 17:00:23.077,BHR,2011,75.2 [75.1-75.4],WHOSIS_000001
69876fa76ea3ff3909394de2,who,health,2026-02-07 17:00:23.078,SAU,2005,73.1 [72.8-73.5],WHOSIS_000001
69876fa76ea3ff3909394de3,who,health,2026-02-07 17:00:23.079,CYP,2003,76.9 [76.7-77.2],WHOSIS_000001
69878cfdb24a23ff17c016e6,who,health,2026-02-07 19:05:33.257,SOM,2008,48.0 [46.7-49.6],WHOSIS_000001
69878cfdb24a23ff17c016e7,who,health,2026-02-07 19:05:33.259,BTN,2002,67.8 [67.1-68.6],WHOSIS_000001
69878cfdb24a23ff17c016e8,who,health,2026-02-07 19:05:33.260,BHR,2011,75.2 [75.1-75.4],WHOSIS_000001
69878cfdb24a23ff17c016e9,who,health,2026-02-07 19:05:33.260,SAU,2005,73.1 [72.8-73.5],WHOSIS_000001
69878cfdb24a23ff17c016ea,who,health,2026-02-07 19:05:33.261,CYP,2003,76.9 [76.7-77.2],WHOSIS_000001
69878e7d3969323ad5ae2403,who,health,2026-02-07 19:11:57.710,SOM,2008,48.0 [46.7-49.6],WHOSIS_000001
69878e7d3969323ad5ae2404,who,health,2026-02-07 19:11:57.712,BTN,2002,67.8 [67.1-68.6],WHOSIS_000001
69878e7d3969323ad5ae2405,who,health,2026-02-07 19:11:57.713,BHR,2011,75.2 [75.1-75.4],WHOSIS_000001
69878e7d3969323ad5ae2406,who,health,2026-02-07 19:11:57.714,SAU,2005,73.1 [72.8-73.5],WHOSIS_000001
69878e7d3969323ad5ae2407,who,health,2026-02-07 19:11:57.714,CYP,2003,76.9 [76.7-77.2],WHOSIS_000001
698790685801f732d72f3634,who,health,2026-02-07 19:20:08.284,SOM,2008,48.0 [46.7-49.6],WHOSIS_000001
698790685801f732d72f3635,who,health,2026-02-07 19:20:08.285,BTN,2002,67.8 [67.1-68.6],WHOSIS_000001
698790685801f732d72f3636,who,health,2026-02-07 19:20:08.286,BHR,2011,75.2 [75.1-75.4],WHOSIS_000001
698790685801f732d72f3637,who,health,2026-02-07 19:20:08.286,SAU,2005,73.1 [72.8-73.5],WHOSIS_000001
698790685801f732d72f3638,who,health,2026-02-07 19:20:08.287,CYP,2003,76.9 [76.7-77.2],WHOSIS_000001
698790a2ade8e421ee7f90fa,who,health,2026-02-07 19:21:06.624,SOM,2008,48.0 [46.7-49.6],WHOSIS_000001
698790a2ade8e421ee7f90fb,who,health,2026-02-07 19:21:06.626,BTN,2002,67.8 [67.1-68.6],WHOSIS_000001
698790a2ade8e421ee7f90fc,who,health,2026-02-07 19:21:06.627,BHR,2011,75.2 [75.1-75.4],WHOSIS_000001
698790a2ade8e421ee7f90fd,who,health,2026-02-07 19:21:06.627,SAU,2005,73.1 [72.8-73.5],WHOSIS_000001
698790a2ade8e421ee7f90fe,who,health,2026-02-07 19:21:06.627,CYP,2003,76.9 [76.7-77.2],WHOSIS_000001
698792ce52e3d265e03dec38,who,health,2026-02-07 19:30:22.176,SOM,2008,48.0 [46.7-49.6],WHOSIS_000001
698792ce52e3d265e03dec39,who,health,2026-02-07 19:30:22.177,BTN,2002,67.8 [67.1-68.6],WHOSIS_000001
698792ce52e3d265e03dec3a,who,health,2026-02-07 19:30:22.178,BHR,2011,75.2 [75.1-75.4],WHOSIS_000001
698792ce52e3d265e03dec3b,who,health,2026-02-07 19:30:22.178,SAU,2005,73.1 [72.8-73.5],WHOSIS_000001
698792ce52e3d265e03dec3c,who,health,2026-02-07 19:30:22.178,CYP,2003,76.9 [76.7-77.2],WHOSIS_000001
698796322207b8455f9751c5,who,health,2026-02-07 19:44:50.109,SOM,2008,48.0 [46.7-49.6],WHOSIS_000001
698796322207b8455f9751c6,who,health,2026-02-07 19:44:50.110,BTN,2002,67.8 [67.1-68.6],WHOSIS_000001
698796322207b8455f9751c7,who,health,2026-02-07 19:44:50.110,BHR,2011,75.2 [75.1-75.4],WHOSIS_000001
698796322207b8455f9751c8,who,health,2026-02-07 19:44:50.110,SAU,2005,73.1 [72.8-73.5],WHOSIS_000001
698796322207b8455f9751c9,who,health,2026-02-07 19:44:50.110,CYP,2003,76.9 [76.7-77.2],WHOSIS_000001
6987a06190a4309fa7ce6c48,who,health,2026-02-07 20:28:17.639,SOM,2008,48.0 [46.7-49.6],WHOSIS_000001
6987a06190a4309fa7ce6c49,who,health,2026-02-07 20:28:17.640,BTN,2002,67.8 [67.1-68.6],WHOSIS_000001
6987a06190a4309fa7ce6c4a,who,health,2026-02-07 20:28:17.640,BHR,2011,75.2 [75.1-75.4],WHOSIS_000001
6987a06190a4309fa7ce6c4b,who,health,2026-02-07 20:28:17.640,SAU,2005,73.1 [72.8-73.5],WHOSIS_000001
6987a06190a4309fa7ce6c4c,who,health,2026-02-07 20:28:17.640,CYP,2003,76.9 [76.7-77.2],WHOSIS_000001
6987a0e0d6f9797808ba96c1,who,health,2026-02-07 20:30:24.722,SOM,2008,48.0 [46.7-49.6],WHOSIS_000001
6987a0e0d6f9797808ba96c2,who,health,2026-02-07 20:30:24.723,BTN,2002,67.8 [67.1-68.6],WHOSIS_000001
6987a0e0d6f9797808ba96c3,who,health,2026-02-07 20:30:24.723,BHR,2011,75.2 [75.1-75.4],WHOSIS_000001
6987a0e0d6f9797808ba96c4,who,health,2026-02-07 20:30:24.723,SAU,2005,73.1 [72.8-73.5],WHOSIS_000001
6987a0e0d6f9797808ba96c5,who,health,2026-02-07 20:30:24.723,CYP,2003,76.9 [76.7-77.2],WHOSIS_000001
6987af17d6f9797808ba982b,who,health,2026-02-07 21:31:03.637,SOM,2008,48.0 [46.7-49.6],WHOSIS_000001
6987af17d6f9797808ba982c,who,health,2026-02-07 21:31:03.639,BTN,2002,67.8 [67.1-68.6],WHOSIS_000001
6987af17d6f9797808ba982d,who,health,2026-02-07 21:31:03.640,BHR,2011,75.2 [75.1-75.4],WHOSIS_000001
6987af17d6f9797808ba982e,who,health,2026-02-07 21:31:03.641,SAU,2005,73.1 [72.8-73.5],WHOSIS_000001
6987af17d6f9797808ba982f,who,health,2026-02-07 21:31:03.641,CYP,2003,76.9 [76.7-77.2],WHOSIS_000001
6987b14afe85256b790730ee,who,health,2026-02-07 21:40:26.558,SOM,2008,48.0 [46.7-49.6],WHOSIS_000001
6987b14afe85256b790730ef,who,health,2026-02-07 21:40:26.560,BTN,2002,67.8 [67.1-68.6],WHOSIS_000001
6987b14afe85256b790730f0,who,health,2026-02-07 21:40:26.560,BHR,2011,75.2 [75.1-75.4],WHOSIS_000001
6987b14afe85256b790730f1,who,health,2026-02-07 21:40:26.561,SAU,2005,73.1 [72.8-73.5],WHOSIS_000001
6987b14afe85256b790730f2,who,health,2026-02-07 21:40:26.561,CYP,2003,76.9 [76.7-77.2],WHOSIS_000001
6987b943ec7a28bbb0656e4f,who,health,2026-02-07 22:14:27.872,SOM,2008,48.0 [46.7-49.6],WHOSIS_000001
6987b943ec7a28bbb0656e50,who,health,2026-02-07 22:14:27.872,BTN,2002,67.8 [67.1-68.6],WHOSIS_000001
6987b943ec7a28bbb0656e51,who,health,2026-02-07 22:14:27.873,BHR,2011,75.2 [75.1-75.4],WHOSIS_000001
6987b943ec7a28bbb0656e52,who,health,2026-02-07 22:14:27.873,SAU,2005,73.1 [72.8-73.5],WHOSIS_000001
6987b943ec7a28bbb0656e53,who,health,2026-02-07 22:14:27.874,CYP,2003,76.9 [76.7-77.2],WHOSIS_000001
6987bd39d6f9797808ba9987,who,health,2026-02-07 22:31:21.689,SOM,2008,48.0 [46.7-49.6],WHOSIS_000001
6987bd39d6f9797808ba9988,who,health,2026-02-07 22:31:21.691,BTN,2002,67.8 [67.1-68.6],WHOSIS_000001
6987bd39d6f9797808ba998a,who,health,2026-02-07 22:31:21.691,BHR,2011,75.2 [75.1-75.4],WHOSIS_000001
6987bd39d6f9797808ba998b,who,health,2026-02-07 22:31:21.691,SAU,2005,73.1 [72.8-73.5],WHOSIS_000001
6987bd39d6f9797808ba998d,who,health,2026-02-07 22:31:21.693,CYP,2003,76.9 [76.7-77.2],WHOSIS_000001
6987bf7b8e14b6c1ecb3c3cb,who,health,2026-02-07 22:40:59.058,SOM,2008,48.0 [46.7-49.6],WHOSIS_000001
6987bf7b8e14b6c1ecb3c3cc,who,health,2026-02-07 22:40:59.059,BTN,2002,67.8 [67.1-68.6],WHOSIS_000001
6987bf7b8e14b6c1ecb3c3cd,who,health,2026-02-07 22:40:59.060,BHR,2011,75.2 [75.1-75.4],WHOSIS_000001
6987bf7b8e14b6c1ecb3c3ce,who,health,2026-02-07 22:40:59.060,SAU,2005,73.1 [72.8-73.5],WHOSIS_000001
6987bf7b8e14b6c1ecb3c3cf,who,health,2026-02-07 22:40:59.060,CYP,2003,76.9 [76.7-77.2],WHOSIS_000001
6987c206f3c0d1fdb35de104,who,health,2026-02-07 22:51:50.467,SOM,2008,48.0 [46.7-49.6],WHOSIS_000001
6987c206f3c0d1fdb35de105,who,health,2026-02-07 22:51:50.468,BTN,2002,67.8 [67.1-68.6],WHOSIS_000001
6987c206f3c0d1fdb35de106,who,health,2026-02-07 22:51:50.469,BHR,2011,75.2 [75.1-75.4],WHOSIS_000001
6987c206f3c0d1fdb35de107,who,health,2026-02-07 22:51:50.469,SAU,2005,73.1 [72.8-73.5],WHOSIS_000001
6987c206f3c0d1fdb35de108,who,health,2026-02-07 22:51:50.469,CYP,2003,76.9 [76.7-77.2],WHOSIS_000001
6987c4c8c6b97fbd8769ac6e,who,health,2026-02-07 23:03:36.801,SOM,2008,48.0 [46.7-49.6],WHOSIS_000001
6987c4c8c6b97fbd8769ac6f,who,health,2026-02-07 23:03:36.804,BTN,2002,67.8 [67.1-68.6],WHOSIS_000001
6987c4c8c6b97fbd8769ac70,who,health,2026-02-07 23:03:36.804,BHR,2011,75.2 [75.1-75.4],WHOSIS_000001
6987c4c8c6b97fbd8769ac71,who,health,2026-02-07 23:03:36.804,SAU,2005,73.1 [72.8-73.5],WHOSIS_000001
6987c4c8c6b97fbd8769ac72,who,health,2026-02-07 23:03:36.805,CYP,2003,76.9 [76.7-77.2],WHOSIS_000001
6987c570f6e83fcbb459e642,who,health,2026-02-07 23:06:24.774,SOM,2008,48.0 [46.7-49.6],WHOSIS_000001
6987c570f6e83fcbb459e643,who,health,2026-02-07 23:06:24.775,BTN,2002,67.8 [67.1-68.6],WHOSIS_000001
6987c570f6e83fcbb459e644,who,health,2026-02-07 23:06:24.776,BHR,2011,75.2 [75.1-75.4],WHOSIS_000001
6987c570f6e83fcbb459e645,who,health,2026-02-07 23:06:24.777,SAU,2005,73.1 [72.8-73.5],WHOSIS_000001
6987c570f6e83fcbb459e646,who,health,2026-02-07 23:06:24.777,CYP,2003,76.9 [76.7-77.2],WHOSIS_000001
6987c7adc978d27d3ed4052c,who,health,2026-02-07 23:15:57.895,SOM,2008,48.0 [46.7-49.6],WHOSIS_000001
6987c7adc978d27d3ed4052d,who,health,2026-02-07 23:15:57.896,BTN,2002,67.8 [67.1-68.6],WHOSIS_000001
6987c7adc978d27d3ed4052e,who,health,2026-02-07 23:15:57.897,BHR,2011,75.2 [75.1-75.4],WHOSIS_000001
6987c7adc978d27d3ed4052f,who,health,2026-02-07 23:15:57.897,SAU,2005,73.1 [72.8-73.5],WHOSIS_000001
6987c7adc978d27d3ed40530,who,health,2026-02-07 23:15:57.897,CYP,2003,76.9 [76.7-77.2],WHOSIS_000001
6987c92cafef768d271ddfe2,who,health,2026-02-07 23:22:20.950,SOM,2008,48.0 [46.7-49.6],WHOSIS_000001
6987c92cafef768d271ddfe3,who,health,2026-02-07 23:22:20.950,BTN,2002,67.8 [67.1-68.6],WHOSIS_000001
6987c92cafef768d271ddfe4,who,health,2026-02-07 23:22:20.952,BHR,2011,75.2 [75.1-75.4],WHOSIS_000001
6987c92cafef768d271ddfe5,who,health,2026-02-07 23:22:20.952,SAU,2005,73.1 [72.8-73.5],WHOSIS_000001
6987c92cafef768d271ddfe6,who,health,2026-02-07 23:22:20.952,CYP,2003,76.9 [76.7-77.2],WHOSIS_000001
6987cb62d6f9797808ba9af1,who,health,2026-02-07 23:31:46.056,SOM,2008,48.0 [46.7-49.6],WHOSIS_000001
6987cb62d6f9797808ba9af2,who,health,2026-02-07 23:31:46.057,BTN,2002,67.8 [67.1-68.6],WHOSIS_000001
6987cb62d6f9797808ba9af3,who,health,2026-02-07 23:31:46.058,BHR,2011,75.2 [75.1-75.4],WHOSIS_000001
6987cb62d6f9797808ba9af4,who,health,2026-02-07 23:31:46.059,SAU,2005,73.1 [72.8-73.5],WHOSIS_000001
6987cb62d6f9797808ba9af5,who,health,2026-02-07 23:31:46.059,CYP,2003,76.9 [76.7-77.2],WHOSIS_000001
6987d9b5d6f9797808ba9c52,who,health,2026-02-08 00:32:53.686,SOM,2008,48.0 [46.7-49.6],WHOSIS_000001
6987d9b5d6f9797808ba9c53,who,health,2026-02-08 00:32:53.688,BTN,2002,67.8 [67.1-68.6],WHOSIS_000001
6987d9b5d6f9797808ba9c54,who,health,2026-02-08 00:32:53.689,BHR,2011,75.2 [75.1-75.4],WHOSIS_000001
6987d9b5d6f9797808ba9c55,who,health,2026-02-08 00:32:53.689,SAU,2005,73.1 [72.8-73.5],WHOSIS_000001
6987d9b5d6f9797808ba9c56,who,health,2026-02-08 00:32:53.689,CYP,2003,76.9 [76.7-77.2],WHOSIS_000001
69881c16ac3ba81db90bb0a7,who,health,2026-02-08 05:16:06.772,SOM,2008,48.0 [46.7-49.6],WHOSIS_000001
69881c16ac3ba81db90bb0a8,who,health,2026-02-08 05:16:06.773,BTN,2002,67.8 [67.1-68.6],WHOSIS_000001
69881c16ac3ba81db90bb0a9,who,health,2026-02-08 05:16:06.774,BHR,2011,75.2 [75.1-75.4],WHOSIS_000001
69881c16ac3ba81db90bb0aa,who,health,2026-02-08 05:16:06.774,SAU,2005,73.1 [72.8-73.5],WHOSIS_000001
69881c16ac3ba81db90bb0ab,who,health,2026-02-08 05:16:06.774,CYP,2003,76.9 [76.7-77.2],WHOSIS_000001
69881f95f594ab54e7475a8b,who,health,2026-02-08 05:31:01.202,SOM,2008,48.0 [46.7-49.6],WHOSIS_000001
69881f95f594ab54e7475a8c,who,health,2026-02-08 05:31:01.213,BTN,2002,67.8 [67.1-68.6],WHOSIS_000001
69881f95f594ab54e7475a8d,who,health,2026-02-08 05:31:01.214,BHR,2011,75.2 [75.1-75.4],WHOSIS_000001
69881f95f594ab54e7475a8e,who,health,2026-02-08 05:31:01.214,SAU,2005,73.1 [72.8-73.5],WHOSIS_000001
69881f95f594ab54e7475a8f,who,health,2026-02-08 05:31:01.215,CYP,2003,76.9 [76.7-77.2],WHOSIS_000001
698821ff66a6a90f20729178,who,health,2026-02-08 05:41:19.317,SOM,2008,48.0 [46.7-49.6],WHOSIS_000001
698821ff66a6a90f20729179,who,health,2026-02-08 05:41:19.319,BTN,2002,67.8 [67.1-68.6],WHOSIS_000001
698821ff66a6a90f2072917a,who,health,2026-02-08 05:41:19.320,BHR,2011,75.2 [75.1-75.4],WHOSIS_000001
698821ff66a6a90f2072917b,who,health,2026-02-08 05:41:19.321,SAU,2005,73.1 [72.8-73.5],WHOSIS_000001
698821ff66a6a90f2072917c,who,health,2026-02-08 05:41:19.321,CYP,2003,76.9 [76.7-77.2],WHOSIS_000001
6988235ba483768189da7f57,who,health,2026-02-08 05:47:07.992,SOM,2008,48.0 [46.7-49.6],WHOSIS_000001
6988235ba483768189da7f58,who,health,2026-02-08 05:47:07.993,BTN,2002,67.8 [67.1-68.6],WHOSIS_000001
6988235ba483768189da7f59,who,health,2026-02-08 05:47:07.993,BHR,2011,75.2 [75.1-75.4],WHOSIS_000001
6988235ba483768189da7f5a,who,health,2026-02-08 05:47:07.993,SAU,2005,73.1 [72.8-73.5],WHOSIS_000001
6988235ba483768189da7f5b,who,health,2026-02-08 05:47:07.993,CYP,2003,76.9 [76.7-77.2],WHOSIS_000001
69882a364d35f7e07d6049f5,who,health,2026-02-08 06:16:22.429,SOM,2008,48.0 [46.7-49.6],WHOSIS_000001
69882a364d35f7e07d6049f6,who,health,2026-02-08 06:16:22.430,BTN,2002,67.8 [67.1-68.6],WHOSIS_000001
69882a364d35f7e07d6049f7,who,health,2026-02-08 06:16:22.430,BHR,2011,75.2 [75.1-75.4],WHOSIS_000001
69882a364d35f7e07d6049f8,who,health,2026-02-08 06:16:22.430,SAU,2005,73.1 [72.8-73.5],WHOSIS_000001
69882a364d35f7e07d6049f9,who,health,2026-02-08 06:16:22.431,CYP,2003,76.9 [76.7-77.2],WHOSIS_000001
69882aecac3ba81db90bb21b,who,health,2026-02-08 06:19:24.105,SOM,2008,48.0 [46.7-49.6],WHOSIS_000001
69882aecac3ba81db90bb21c,who,health,2026-02-08 06:19:24.105,BTN,2002,67.8 [67.1-68.6],WHOSIS_000001
69882aecac3ba81db90bb21d,who,health,2026-02-08 06:19:24.106,BHR,2011,75.2 [75.1-75.4],WHOSIS_000001
69882aecac3ba81db90bb21e,who,health,2026-02-08 06:19:24.106,SAU,2005,73.1 [72.8-73.5],WHOSIS_000001
69882aecac3ba81db90bb21f,who,health,2026-02-08 06:19:24.106,CYP,2003,76.9 [76.7-77.2],WHOSIS_000001
6988419b3f98eda61f36a9e4,who,health,2026-02-08 07:56:11.565,SOM,2008,48.0 [46.7-49.6],WHOSIS_000001
6988419b3f98eda61f36a9e5,who,health,2026-02-08 07:56:11.566,BTN,2002,67.8 [67.1-68.6],WHOSIS_000001
6988419b3f98eda61f36a9e6,who,health,2026-02-08 07:56:11.567,BHR,2011,75.2 [75.1-75.4],WHOSIS_000001
6988419b3f98eda61f36a9e7,who,health,2026-02-08 07:56:11.567,SAU,2005,73.1 [72.8-73.5],WHOSIS_000001
6988419b3f98eda61f36a9e8,who,health,2026-02-08 07:56:11.567,CYP,2003,76.9 [76.7-77.2],WHOSIS_000001
698842806396656e646bab08,who,health,2026-02-08 08:00:00.555,SOM,2008,48.0 [46.7-49.6],WHOSIS_000001
698842806396656e646bab09,who,health,2026-02-08 08:00:00.556,BTN,2002,67.8 [67.1-68.6],WHOSIS_000001
698842806396656e646bab0a,who,health,2026-02-08 08:00:00.556,BHR,2011,75.2 [75.1-75.4],WHOSIS_000001
698842806396656e646bab0b,who,health,2026-02-08 08:00:00.556,SAU,2005,73.1 [72.8-73.5],WHOSIS_000001
698842806396656e646bab0c,who,health,2026-02-08 08:00:00.557,CYP,2003,76.9 [76.7-77.2],WHOSIS_000001
698844364886efa075760923,who,health,2026-02-08 08:07:18.807,SOM,2008,48.0 [46.7-49.6],WHOSIS_000001
698844364886efa075760924,who,health,2026-02-08 08:07:18.808,BTN,2002,67.8 [67.1-68.6],WHOSIS_000001
698844364886efa075760925,who,health,2026-02-08 08:07:18.808,BHR,2011,75.2 [75.1-75.4],WHOSIS_000001
698844364886efa075760926,who,health,2026-02-08 08:07:18.809,SAU,2005,73.1 [72.8-73.5],WHOSIS_000001
698844364886efa075760927,who,health,2026-02-08 08:07:18.809,CYP,2003,76.9 [76.7-77.2],WHOSIS_000001
698845805708599d7847dfbb,who,health,2026-02-08 08:12:48.131,SOM,2008,48.0 [46.7-49.6],WHOSIS_000001
698845805708599d7847dfbc,who,health,2026-02-08 08:12:48.132,BTN,2002,67.8 [67.1-68.6],WHOSIS_000001
698845805708599d7847dfbd,who,health,2026-02-08 08:12:48.132,BHR,2011,75.2 [75.1-75.4],WHOSIS_000001
698845805708599d7847dfbe,who,health,2026-02-08 08:12:48.132,SAU,2005,73.1 [72.8-73.5],WHOSIS_000001
698845805708599d7847dfbf,who,health,2026-02-08 08:12:48.132,CYP,2003,76.9 [76.7-77.2],WHOSIS_000001
698848f3f833c19af3235699,who,health,2026-02-08 08:27:31.711,SOM,2008,48.0 [46.7-49.6],WHOSIS_000001
698848f3f833c19af323569a,who,health,2026-02-08 08:27:31.712,BTN,2002,67.8 [67.1-68.6],WHOSIS_000001
698848f3f833c19af323569b,who,health,2026-02-08 08:27:31.712,BHR,2011,75.2 [75.1-75.4],WHOSIS_000001
698848f3f833c19af323569c,who,health,2026-02-08 08:27:31.712,SAU,2005,73.1 [72.8-73.5],WHOSIS_000001
698848f3f833c19af323569d,who,health,2026-02-08 08:27:31.713,CYP,2003,76.9 [76.7-77.2],WHOSIS_000001
698849ea33f15a5559beb00c,who,health,2026-02-08 08:31:38.336,SOM,2008,48.0 [46.7-49.6],WHOSIS_000001
698849ea33f15a5559beb00d,who,health,2026-02-08 08:31:38.337,BTN,2002,67.8 [67.1-68.6],WHOSIS_000001
698849ea33f15a5559beb00e,who,health,2026-02-08 08:31:38.338,BHR,2011,75.2 [75.1-75.4],WHOSIS_000001
698849ea33f15a5559beb00f,who,health,2026-02-08 08:31:38.338,SAU,2005,73.1 [72.8-73.5],WHOSIS_000001
698849ea33f15a5559beb010,who,health,2026-02-08 08:31:38.339,CYP,2003,76.9 [76.7-77.2],WHOSIS_000001
69884e4e040e828d4f0695a2,who,health,2026-02-08 08:50:22.669,SOM,2008,48.0 [46.7-49.6],WHOSIS_000001
69884e4e040e828d4f0695a3,who,health,2026-02-08 08:50:22.671,BTN,2002,67.8 [67.1-68.6],WHOSIS_000001
69884e4e040e828d4f0695a4,who,health,2026-02-08 08:50:22.672,BHR,2011,75.2 [75.1-75.4],WHOSIS_000001
69884e4e040e828d4f0695a5,who,health,2026-02-08 08:50:22.673,SAU,2005,73.1 [72.8-73.5],WHOSIS_000001
69884e4e040e828d4f0695a6,who,health,2026-02-08 08:50:22.673,CYP,2003,76.9 [76.7-77.2],WHOSIS_000001
6988532009fb3a0cf3cb5073,who,health,2026-02-08 09:10:56.038,SOM,2008,48.0 [46.7-49.6],WHOSIS_000001
6988532009fb3a0cf3cb5074,who,health,2026-02-08 09:10:56.039,BTN,2002,67.8 [67.1-68.6],WHOSIS_000001
6988532009fb3a0cf3cb5075,who,health,2026-02-08 09:10:56.039,BHR,2011,75.2 [75.1-75.4],WHOSIS_000001
6988532009fb3a0cf3cb5076,who,health,2026-02-08 09:10:56.039,SAU,2005,73.1 [72.8-73.5],WHOSIS_000001
6988532009fb3a0cf3cb5077,who,health,2026-02-08 09:10:56.040,CYP,2003,76.9 [76.7-77.2],WHOSIS_000001
69885d7c33f15a5559beb186,who,health,2026-02-08 09:55:08.645,SOM,2008,48.0 [46.7-49.6],WHOSIS_000001
69885d7c33f15a5559beb187,who,health,2026-02-08 09:55:08.646,BTN,2002,67.8 [67.1-68.6],WHOSIS_000001
69885d7c33f15a5559beb188,who,health,2026-02-08 09:55:08.646,BHR,2011,75.2 [75.1-75.4],WHOSIS_000001
69885d7c33f15a5559beb189,who,health,2026-02-08 09:55:08.646,SAU,2005,73.1 [72.8-73.5],WHOSIS_000001
69885d7c33f15a5559beb18a,who,health,2026-02-08 09:55:08.647,CYP,2003,76.9 [76.7-77.2],WHOSIS_000001
6988c0ca379612aefbdf601d,who,health,2026-02-08 16:58:50.469,SOM,2008,48.0 [46.7-49.6],WHOSIS_000001
6988c0ca379612aefbdf601e,who,health,2026-02-08 16:58:50.472,BTN,2002,67.8 [67.1-68.6],WHOSIS_000001
6988c0ca379612aefbdf601f,who,health,2026-02-08 16:58:50.473,BHR,2011,75.2 [75.1-75.4],WHOSIS_000001
6988c0ca379612aefbdf6020,who,health,2026-02-08 16:58:50.475,SAU,2005,73.1 [72.8-73.5],WHOSIS_000001
6988c0ca379612aefbdf6021,who,health,2026-02-08 16:58:50.476,CYP,2003,76.9 [76.7-77.2],WHOSIS_000001
6988c22be1ddf54a10fb5054,who,health,2026-02-08 17:04:43.499,SOM,2008,48.0 [46.7-49.6],WHOSIS_000001
6988c22be1ddf54a10fb5055,who,health,2026-02-08 17:04:43.500,BTN,2002,67.8 [67.1-68.6],WHOSIS_000001
6988c22be1ddf54a10fb5056,who,health,2026-02-08 17:04:43.501,BHR,2011,75.2 [75.1-75.4],WHOSIS_000001
6988c22be1ddf54a10fb5057,who,health,2026-02-08 17:04:43.501,SAU,2005,73.1 [72.8-73.5],WHOSIS_000001
6988c22be1ddf54a10fb5058,who,health,2026-02-08 17:04:43.502,CYP,2003,76.9 [76.7-77.2],WHOSIS_000001
6988c87d23dde3030b746155,who,health,2026-02-08 17:31:41.384,SOM,2008,48.0 [46.7-49.6],WHOSIS_000001
6988c87d23dde3030b746156,who,health,2026-02-08 17:31:41.384,BTN,2002,67.8 [67.1-68.6],WHOSIS_000001
6988c87d23dde3030b746157,who,health,2026-02-08 17:31:41.385,BHR,2011,75.2 [75.1-75.4],WHOSIS_000001
6988c87d23dde3030b746158,who,health,2026-02-08 17:31:41.385,SAU,2005,73.1 [72.8-73.5],WHOSIS_000001
6988c87d23dde3030b746159,who,health,2026-02-08 17:31:41.386,CYP,2003,76.9 [76.7-77.2],WHOSIS_000001
6988c988d5c2a5e6794fd31a,who,health,2026-02-08 17:36:08.880,SOM,2008,48.0 [46.7-49.6],WHOSIS_000001
6988c988d5c2a5e6794fd31b,who,health,2026-02-08 17:36:08.881,BTN,2002,67.8 [67.1-68.6],WHOSIS_000001
6988c988d5c2a5e6794fd31c,who,health,2026-02-08 17:36:08.882,BHR,2011,75.2 [75.1-75.4],WHOSIS_000001
6988c988d5c2a5e6794fd31d,who,health,2026-02-08 17:36:08.882,SAU,2005,73.1 [72.8-73.5],WHOSIS_000001
6988c988d5c2a5e6794fd31e,who,health,2026-02-08 17:36:08.882,CYP,2003,76.9 [76.7-77.2],WHOSIS_000001
6988cb9bddee7a369523d089,who,health,2026-02-08 17:44:59.797,SOM,2008,48.0 [46.7-49.6],WHOSIS_000001
6988cb9bddee7a369523d08a,who,health,2026-02-08 17:44:59.798,BTN,2002,67.8 [67.1-68.6],WHOSIS_000001
6988cb9bddee7a369523d08b,who,health,2026-02-08 17:44:59.798,BHR,2011,75.2 [75.1-75.4],WHOSIS_000001
6988cb9bddee7a369523d08c,who,health,2026-02-08 17:44:59.799,SAU,2005,73.1 [72.8-73.5],WHOSIS_000001
6988cb9bddee7a369523d08d,who,health,2026-02-08 17:44:59.799,CYP,2003,76.9 [76.7-77.2],WHOSIS_000001
6989dce47090f0dfeb948ffc,who,health,2026-02-09 13:11:00.021,SOM,2008,48.0 [46.7-49.6],WHOSIS_000001
6989dce47090f0dfeb948ffd,who,health,2026-02-09 13:11:00.022,BTN,2002,67.8 [67.1-68.6],WHOSIS_000001
6989dce47090f0dfeb948ffe,who,health,2026-02-09 13:11:00.023,BHR,2011,75.2 [75.1-75.4],WHOSIS_000001
6989dce47090f0dfeb948fff,who,health,2026-02-09 13:11:00.023,SAU,2005,73.1 [72.8-73.5],WHOSIS_000001
6989dce47090f0dfeb949000,who,health,2026-02-09 13:11:00.024,CYP,2003,76.9 [76.7-77.2],WHOSIS_000001
6989ed1c965a6a7ada102218,who,health,2026-02-09 14:20:12.800,SOM,2008,48.0 [46.7-49.6],WHOSIS_000001
6989ed1c965a6a7ada102219,who,health,2026-02-09 14:20:12.801,BTN,2002,67.8 [67.1-68.6],WHOSIS_000001
6989ed1c965a6a7ada10221a,who,health,2026-02-09 14:20:12.802,BHR,2011,75.2 [75.1-75.4],WHOSIS_000001
6989ed1c965a6a7ada10221b,who,health,2026-02-09 14:20:12.802,SAU,2005,73.1 [72.8-73.5],WHOSIS_000001
6989ed1c965a6a7ada10221c,who,health,2026-02-09 14:20:12.802,CYP,2003,76.9 [76.7-77.2],WHOSIS_000001
6989f2b448dc8b6da506d074,who,health,2026-02-09 14:44:04.127,SOM,2008,48.0 [46.7-49.6],WHOSIS_000001
6989f2b448dc8b6da506d075,who,health,2026-02-09 14:44:04.128,BTN,2002,67.8 [67.1-68.6],WHOSIS_000001
6989f2b448dc8b6da506d076,who,health,2026-02-09 14:44:04.128,BHR,2011,75.2 [75.1-75.4],WHOSIS_000001
6989f2b448dc8b6da506d077,who,health,2026-02-09 14:44:04.128,SAU,2005,73.1 [72.8-73.5],WHOSIS_000001
6989f2b448dc8b6da506d078,who,health,2026-02-09 14:44:04.129,CYP,2003,76.9 [76.7-77.2],WHOSIS_000001
6989f44a9c9acb53fdd8caf9,who,health,2026-02-09 14:50:50.609,SOM,2008,48.0 [46.7-49.6],WHOSIS_000001
6989f44a9c9acb53fdd8cafa,who,health,2026-02-09 14:50:50.610,BTN,2002,67.8 [67.1-68.6],WHOSIS_000001
6989f44a9c9acb53fdd8cafb,who,health,2026-02-09 14:50:50.610,BHR,2011,75.2 [75.1-75.4],WHOSIS_000001
6989f44a9c9acb53fdd8cafc,who,health,2026-02-09 14:50:50.611,SAU,2005,73.1 [72.8-73.5],WHOSIS_000001
6989f44a9c9acb53fdd8cafd,who,health,2026-02-09 14:50:50.611,CYP,2003,76.9 [76.7-77.2],WHOSIS_000001
6989f592e1e7144549c0bae4,who,health,2026-02-09 14:56:18.890,SOM,2008,48.0 [46.7-49.6],WHOSIS_000001
6989f592e1e7144549c0bae5,who,health,2026-02-09 14:56:18.891,BTN,2002,67.8 [67.1-68.6],WHOSIS_000001
6989f592e1e7144549c0bae6,who,health,2026-02-09 14:56:18.891,BHR,2011,75.2 [75.1-75.4],WHOSIS_000001
6989f592e1e7144549c0bae7,who,health,2026-02-09 14:56:18.891,SAU,2005,73.1 [72.8-73.5],WHOSIS_000001
6989f592e1e7144549c0bae8,who,health,2026-02-09 14:56:18.891,CYP,2003,76.9 [76.7-77.2],WHOSIS_000001
6989fb78965a6a7ada1023bb,who,health,2026-02-09 15:21:28.303,SOM,2008,48.0 [46.7-49.6],WHOSIS_000001
6989fb78965a6a7ada1023bc,who,health,2026-02-09 15:21:28.303,BTN,2002,67.8 [67.1-68.6],WHOSIS_000001
6989fb78965a6a7ada1023bd,who,health,2026-02-09 15:21:28.304,BHR,2011,75.2 [75.1-75.4],WHOSIS_000001
6989fb78965a6a7ada1023be,who,health,2026-02-09 15:21:28.304,SAU,2005,73.1 [72.8-73.5],WHOSIS_000001
6989fb78965a6a7ada1023bf,who,health,2026-02-09 15:21:28.305,CYP,2003,76.9 [76.7-77.2],WHOSIS_000001
6989fd3ab5061cd9d261e1b1,who,health,2026-02-09 15:28:58.084,SOM,2008,48.0 [46.7-49.6],WHOSIS_000001
6989fd3ab5061cd9d261e1b2,who,health,2026-02-09 15:28:58.084,BTN,2002,67.8 [67.1-68.6],WHOSIS_000001
6989fd3ab5061cd9d261e1b3,who,health,2026-02-09 15:28:58.085,BHR,2011,75.2 [75.1-75.4],WHOSIS_000001
6989fd3ab5061cd9d261e1b4,who,health,2026-02-09 15:28:58.085,SAU,2005,73.1 [72.8-73.5],WHOSIS_000001
6989fd3ab5061cd9d261e1b5,who,health,2026-02-09 15:28:58.086,CYP,2003,76.9 [76.7-77.2],WHOSIS_000001
6989fe30ed1b4e22efab78c7,who,health,2026-02-09 15:33:04.884,SOM,2008,48.0 [46.7-49.6],WHOSIS_000001
6989fe30ed1b4e22efab78c8,who,health,2026-02-09 15:33:04.885,BTN,2002,67.8 [67.1-68.6],WHOSIS_000001
6989fe30ed1b4e22efab78c9,who,health,2026-02-09 15:33:04.886,BHR,2011,75.2 [75.1-75.4],WHOSIS_000001
6989fe30ed1b4e22efab78ca,who,health,2026-02-09 15:33:04.886,SAU,2005,73.1 [72.8-73.5],WHOSIS_000001
6989fe30ed1b4e22efab78cb,who,health,2026-02-09 15:33:04.887,CYP,2003,76.9 [76.7-77.2],WHOSIS_000001
6989ff64c46ca4ffb9ee48b7,who,health,2026-02-09 15:38:12.386,SOM,2008,48.0 [46.7-49.6],WHOSIS_000001
6989ff64c46ca4ffb9ee48b8,who,health,2026-02-09 15:38:12.386,BTN,2002,67.8 [67.1-68.6],WHOSIS_000001
6989ff64c46ca4ffb9ee48b9,who,health,2026-02-09 15:38:12.387,BHR,2011,75.2 [75.1-75.4],WHOSIS_000001
6989ff64c46ca4ffb9ee48ba,who,health,2026-02-09 15:38:12.387,SAU,2005,73.1 [72.8-73.5],WHOSIS_000001
6989ff64c46ca4ffb9ee48bb,who,health,2026-02-09 15:38:12.387,CYP,2003,76.9 [76.7-77.2],WHOSIS_000001
698a017a455f9f73a87de3d4,who,health,2026-02-09 15:47:06.818,SOM,2008,48.0 [46.7-49.6],WHOSIS_000001
698a017a455f9f73a87de3d5,who,health,2026-02-09 15:47:06.819,BTN,2002,67.8 [67.1-68.6],WHOSIS_000001
698a017a455f9f73a87de3d6,who,health,2026-02-09 15:47:06.819,BHR,2011,75.2 [75.1-75.4],WHOSIS_000001
698a017a455f9f73a87de3d7,who,health,2026-02-09 15:47:06.819,SAU,2005,73.1 [72.8-73.5],WHOSIS_000001
698a017a455f9f73a87de3d8,who,health,2026-02-09 15:47:06.820,CYP,2003,76.9 [76.7-77.2],WHOSIS_000001
698a02ff8cedd0b2d1b744ff,who,health,2026-02-09 15:53:35.665,SOM,2008,48.0 [46.7-49.6],WHOSIS_000001
698a02ff8cedd0b2d1b74500,who,health,2026-02-09 15:53:35.666,BTN,2002,67.8 [67.1-68.6],WHOSIS_000001
698a02ff8cedd0b2d1b74501,who,health,2026-02-09 15:53:35.667,BHR,2011,75.2 [75.1-75.4],WHOSIS_000001
698a02ff8cedd0b2d1b74502,who,health,2026-02-09 15:53:35.667,SAU,2005,73.1 [72.8-73.5],WHOSIS_000001
698a02ff8cedd0b2d1b74503,who,health,2026-02-09 15:53:35.667,CYP,2003,76.9 [76.7-77.2],WHOSIS_000001
698a09fb965a6a7ada1024d2,who,health,2026-02-09 16:23:23.373,SOM,2008,48.0 [46.7-49.6],WHOSIS_000001
698a09fb965a6a7ada1024d3,who,health,2026-02-09 16:23:23.374,BTN,2002,67.8 [67.1-68.6],WHOSIS_000001
698a09fb965a6a7ada1024d4,who,health,2026-02-09 16:23:23.375,BHR,2011,75.2 [75.1-75.4],WHOSIS_000001
698a09fb965a6a7ada1024d5,who,health,2026-02-09 16:23:23.375,SAU,2005,73.1 [72.8-73.5],WHOSIS_000001
698a09fb965a6a7ada1024d6,who,health,2026-02-09 16:23:23.375,CYP,2003,76.9 [76.7-77.2],WHOSIS_000001
698a12db417c1568de185994,who,health,2026-02-09 17:01:15.884,SOM,2008,48.0 [46.7-49.6],WHOSIS_000001
698a12db417c1568de185995,who,health,2026-02-09 17:01:15.884,BTN,2002,67.8 [67.1-68.6],WHOSIS_000001
698a12db417c1568de185996,who,health,2026-02-09 17:01:15.885,BHR,2011,75.2 [75.1-75.4],WHOSIS_000001
698a12db417c1568de185997,who,health,2026-02-09 17:01:15.886,SAU,2005,73.1 [72.8-73.5],WHOSIS_000001
698a12db417c1568de185998,who,health,2026-02-09 17:01:15.886,CYP,2003,76.9 [76.7-77.2],WHOSIS_000001
698a1826965a6a7ada10265d,who,health,2026-02-09 17:23:50.469,SOM,2008,48.0 [46.7-49.6],WHOSIS_000001
698a1826965a6a7ada10265e,who,health,2026-02-09 17:23:50.470,BTN,2002,67.8 [67.1-68.6],WHOSIS_000001
698a1826965a6a7ada10265f,who,health,2026-02-09 17:23:50.471,BHR,2011,75.2 [75.1-75.4],WHOSIS_000001
698a1826965a6a7ada102660,who,health,2026-02-09 17:23:50.471,SAU,2005,73.1 [72.8-73.5],WHOSIS_000001
698a1826965a6a7ada102661,who,health,2026-02-09 17:23:50.471,CYP,2003,76.9 [76.7-77.2],WHOSIS_000001
698a2722965a6a7ada1027f6,who,health,2026-02-09 18:27:46.101,SOM,2008,48.0 [46.7-49.6],WHOSIS_000001
698a2722965a6a7ada1027f7,who,health,2026-02-09 18:27:46.102,BTN,2002,67.8 [67.1-68.6],WHOSIS_000001
698a2722965a6a7ada1027f8,who,health,2026-02-09 18:27:46.102,BHR,2011,75.2 [75.1-75.4],WHOSIS_000001
698a2722965a6a7ada1027f9,who,health,2026-02-09 18:27:46.104,SAU,2005,73.1 [72.8-73.5],WHOSIS_000001
698a2722965a6a7ada1027fa,who,health,2026-02-09 18:27:46.104,CYP,2003,76.9 [76.7-77.2],WHOSIS_000001
698a286b8ed7da4dc73f3de4,who,health,2026-02-09 18:33:15.762,SOM,2008,48.0 [46.7-49.6],WHOSIS_000001
698a286b8ed7da4dc73f3de5,who,health,2026-02-09 18:33:15.763,BTN,2002,67.8 [67.1-68.6],WHOSIS_000001
698a286b8ed7da4dc73f3de6,who,health,2026-02-09 18:33:15.764,BHR,2011,75.2 [75.1-75.4],WHOSIS_000001
698a286b8ed7da4dc73f3de7,who,health,2026-02-09 18:33:15.764,SAU,2005,73.1 [72.8-73.5],WHOSIS_000001
698a286b8ed7da4dc73f3de8,who,health,2026-02-09 18:33:15.765,CYP,2003,76.9 [76.7-77.2],WHOSIS_000001
698a286ec460a8f52919f96c,who,health,2026-02-09 18:33:18.186,SOM,2008,48.0 [46.7-49.6],WHOSIS_000001
698a286ec460a8f52919f96d,who,health,2026-02-09 18:33:18.187,BTN,2002,67.8 [67.1-68.6],WHOSIS_000001
698a286ec460a8f52919f96e,who,health,2026-02-09 18:33:18.188,BHR,2011,75.2 [75.1-75.4],WHOSIS_000001
698a286ec460a8f52919f96f,who,health,2026-02-09 18:33:18.188,SAU,2005,73.1 [72.8-73.5],WHOSIS_000001
698a286ec460a8f52919f970,who,health,2026-02-09 18:33:18.188,CYP,2003,76.9 [76.7-77.2],WHOSIS_000001
698a2ec1615d1b093643268a,who,health,2026-02-09 19:00:17.661,SOM,2008,48.0 [46.7-49.6],WHOSIS_000001
698a2ec1615d1b093643268b,who,health,2026-02-09 19:00:17.662,BTN,2002,67.8 [67.1-68.6],WHOSIS_000001
698a2ec1615d1b093643268c,who,health,2026-02-09 19:00:17.662,BHR,2011,75.2 [75.1-75.4],WHOSIS_000001
698a2ec1615d1b093643268d,who,health,2026-02-09 19:00:17.662,SAU,2005,73.1 [72.8-73.5],WHOSIS_000001
698a2ec1615d1b093643268e,who,health,2026-02-09 19:00:17.662,CYP,2003,76.9 [76.7-77.2],WHOSIS_000001
698a3576965a6a7ada10290d,who,health,2026-02-09 19:28:54.634,SOM,2008,48.0 [46.7-49.6],WHOSIS_000001
698a3576965a6a7ada10290e,who,health,2026-02-09 19:28:54.636,BTN,2002,67.8 [67.1-68.6],WHOSIS_000001
698a3576965a6a7ada10290f,who,health,2026-02-09 19:28:54.637,BHR,2011,75.2 [75.1-75.4],WHOSIS_000001
698a3576965a6a7ada102910,who,health,2026-02-09 19:28:54.637,SAU,2005,73.1 [72.8-73.5],WHOSIS_000001
698a3576965a6a7ada102911,who,health,2026-02-09 19:28:54.638,CYP,2003,76.9 [76.7-77.2],WHOSIS_000001
698a36a58ed7da4dc73f3f7d,who,health,2026-02-09 19:33:57.794,SOM,2008,48.0 [46.7-49.6],WHOSIS_000001
698a36a58ed7da4dc73f3f7e,who,health,2026-02-09 19:33:57.795,BTN,2002,67.8 [67.1-68.6],WHOSIS_000001
698a36a58ed7da4dc73f3f7f,who,health,2026-02-09 19:33:57.796,BHR,2011,75.2 [75.1-75.4],WHOSIS_000001
698a36a58ed7da4dc73f3f80,who,health,2026-02-09 19:33:57.797,SAU,2005,73.1 [72.8-73.5],WHOSIS_000001
698a36a58ed7da4dc73f3f81,who,health,2026-02-09 19:33:57.798,CYP,2003,76.9 [76.7-77.2],WHOSIS_000001
698a36cbc460a8f52919faff,who,health,2026-02-09 19:34:35.154,SOM,2008,48.0 [46.7-49.6],WHOSIS_000001
698a36cbc460a8f52919fb00,who,health,2026-02-09 19:34:35.156,BTN,2002,67.8 [67.1-68.6],WHOSIS_000001
698a36cbc460a8f52919fb01,who,health,2026-02-09 19:34:35.157,BHR,2011,75.2 [75.1-75.4],WHOSIS_000001
698a36cbc460a8f52919fb02,who,health,2026-02-09 19:34:35.157,SAU,2005,73.1 [72.8-73.5],WHOSIS_000001
698a36cbc460a8f52919fb03,who,health,2026-02-09 19:34:35.157,CYP,2003,76.9 [76.7-77.2],WHOSIS_000001
698a976f8aa2943e12b16d24,who,health,2026-02-10 02:26:55.347,SOM,2008,48.0 [46.7-49.6],WHOSIS_000001
698a976f8aa2943e12b16d25,who,health,2026-02-10 02:26:55.348,BTN,2002,67.8 [67.1-68.6],WHOSIS_000001
698a976f8aa2943e12b16d26,who,health,2026-02-10 02:26:55.348,BHR,2011,75.2 [75.1-75.4],WHOSIS_000001
698a976f8aa2943e12b16d27,who,health,2026-02-10 02:26:55.348,SAU,2005,73.1 [72.8-73.5],WHOSIS_000001
698a976f8aa2943e12b16d28,who,health,2026-02-10 02:26:55.349,CYP,2003,76.9 [76.7-77.2],WHOSIS_000001
698a9ae1965a6a7ada102aa9,who,health,2026-02-10 02:41:37.160,SOM,2008,48.0 [46.7-49.6],WHOSIS_000001
698a9ae1965a6a7ada102aaa,who,health,2026-02-10 02:41:37.161,BTN,2002,67.8 [67.1-68.6],WHOSIS_000001
698a9ae1965a6a7ada102aab,who,health,2026-02-10 02:41:37.161,BHR,2011,75.2 [75.1-75.4],WHOSIS_000001
698a9ae1965a6a7ada102aac,who,health,2026-02-10 02:41:37.161,SAU,2005,73.1 [72.8-73.5],WHOSIS_000001
698a9ae1965a6a7ada102aad,who,health,2026-02-10 02:41:37.162,CYP,2003,76.9 [76.7-77.2],WHOSIS_000001
698a9e4f8ed7da4dc73f411c,who,health,2026-02-10 02:56:15.156,SOM,2008,48.0 [46.7-49.6],WHOSIS_000001
698a9e4f8ed7da4dc73f411d,who,health,2026-02-10 02:56:15.158,BTN,2002,67.8 [67.1-68.6],WHOSIS_000001
698a9e4f8ed7da4dc73f411e,who,health,2026-02-10 02:56:15.159,BHR,2011,75.2 [75.1-75.4],WHOSIS_000001
698a9e4f8ed7da4dc73f411f,who,health,2026-02-10 02:56:15.159,SAU,2005,73.1 [72.8-73.5],WHOSIS_000001
698a9e4f8ed7da4dc73f4120,who,health,2026-02-10 02:56:15.160,CYP,2003,76.9 [76.7-77.2],WHOSIS_000001
698a9f4ac460a8f52919fc9f,who,health,2026-02-10 03:00:26.818,SOM,2008,48.0 [46.7-49.6],WHOSIS_000001
698a9f4ac460a8f52919fca0,who,health,2026-02-10 03:00:26.820,BTN,2002,67.8 [67.1-68.6],WHOSIS_000001
698a9f4ac460a8f52919fca1,who,health,2026-02-10 03:00:26.821,BHR,2011,75.2 [75.1-75.4],WHOSIS_000001
698a9f4ac460a8f52919fca2,who,health,2026-02-10 03:00:26.823,SAU,2005,73.1 [72.8-73.5],WHOSIS_000001
698a9f4ac460a8f52919fca3,who,health,2026-02-10 03:00:26.823,CYP,2003,76.9 [76.7-77.2],WHOSIS_000001
698aca60965a6a7ada102c4a,who,health,2026-02-10 06:04:16.600,IND,2002,65.4 [64.8-65.9],WHOSIS_000001
698aca60965a6a7ada102c4b,who,health,2026-02-10 06:04:16.602,NOR,2011,81.0 [80.9-81.1],WHOSIS_000001
698aca60965a6a7ada102c4c,who,health,2026-02-10 06:04:16.604,ARE,2021,78.3 [77.9-78.9],WHOSIS_000001
698aca60965a6a7ada102c4d,who,health,2026-02-10 06:04:16.604,VEN,2016,67.9 [67.8-68.1],WHOSIS_000001
698aca60965a6a7ada102c4e,who,health,2026-02-10 06:04:16.606,CHE,2007,83.8 [83.7-83.8],WHOSIS_000001
698acb468ed7da4dc73f42ad,who,health,2026-02-10 06:08:06.984,IND,2002,65.4 [64.8-65.9],WHOSIS_000001
698acb468ed7da4dc73f42ae,who,health,2026-02-10 06:08:06.986,NOR,2011,81.0 [80.9-81.1],WHOSIS_000001
698acb468ed7da4dc73f42af,who,health,2026-02-10 06:08:06.987,ARE,2021,78.3 [77.9-78.9],WHOSIS_000001
698acb468ed7da4dc73f42b0,who,health,2026-02-10 06:08:06.990,VEN,2016,67.9 [67.8-68.1],WHOSIS_000001
698acb468ed7da4dc73f42b1,who,health,2026-02-10 06:08:06.992,CHE,2007,83.8 [83.7-83.8],WHOSIS_000001
698acc67c460a8f52919fe36,who,health,2026-02-10 06:12:55.556,IND,2002,65.4 [64.8-65.9],WHOSIS_000001
698acc67c460a8f52919fe37,who,health,2026-02-10 06:12:55.558,NOR,2011,81.0 [80.9-81.1],WHOSIS_000001
698acc67c460a8f52919fe38,who,health,2026-02-10 06:12:55.559,ARE,2021,78.3 [77.9-78.9],WHOSIS_000001
698acc67c460a8f52919fe39,who,health,2026-02-10 06:12:55.560,VEN,2016,67.9 [67.8-68.1],WHOSIS_000001
698acc67c460a8f52919fe3a,who,health,2026-02-10 06:12:55.561,CHE,2007,83.8 [83.7-83.8],WHOSIS_000001
698af966965a6a7ada102dd6,who,health,2026-02-10 09:24:54.656,IND,2002,65.4 [64.8-65.9],WHOSIS_000001
698af966965a6a7ada102dd7,who,health,2026-02-10 09:24:54.659,NOR,2011,81.0 [80.9-81.1],WHOSIS_000001
698af966965a6a7ada102dd8,who,health,2026-02-10 09:24:54.663,ARE,2021,78.3 [77.9-78.9],WHOSIS_000001
698af966965a6a7ada102dd9,who,health,2026-02-10 09:24:54.665,VEN,2016,67.9 [67.8-68.1],WHOSIS_000001
698af966965a6a7ada102dda,who,health,2026-02-10 09:24:54.668,CHE,2007,83.8 [83.7-83.8],WHOSIS_000001
698afabd8ed7da4dc73f4443,who,health,2026-02-10 09:30:37.622,IND,2002,65.4 [64.8-65.9],WHOSIS_000001
698afabd8ed7da4dc73f4444,who,health,2026-02-10 09:30:37.623,NOR,2011,81.0 [80.9-81.1],WHOSIS_000001
698afabd8ed7da4dc73f4445,who,health,2026-02-10 09:30:37.625,ARE,2021,78.3 [77.9-78.9],WHOSIS_000001
698afabd8ed7da4dc73f4446,who,health,2026-02-10 09:30:37.626,VEN,2016,67.9 [67.8-68.1],WHOSIS_000001
698afabd8ed7da4dc73f4447,who,health,2026-02-10 09:30:37.629,CHE,2007,83.8 [83.7-83.8],WHOSIS_000001
698afbe1c460a8f52919ffc6,who,health,2026-02-10 09:35:29.414,IND,2002,65.4 [64.8-65.9],WHOSIS_000001
698afbe1c460a8f52919ffc7,who,health,2026-02-10 09:35:29.417,NOR,2011,81.0 [80.9-81.1],WHOSIS_000001
698afbe1c460a8f52919ffc8,who,health,2026-02-10 09:35:29.418,ARE,2021,78.3 [77.9-78.9],WHOSIS_000001
698afbe1c460a8f52919ffc9,who,health,2026-02-10 09:35:29.420,VEN,2016,67.9 [67.8-68.1],WHOSIS_000001
698afbe1c460a8f52919ffca,who,health,2026-02-10 09:35:29.422,CHE,2007,83.8 [83.7-83.8],WHOSIS_000001
