_id,source,category,collected_at,data.article,data.date,data.views
69860a68d5da49992bd19c0e,wikipedia,public_attention,2026-02-06 15:36:08.089,Earthquake,20260201,1456
69860a68d5da49992bd19c0f,wikipedia,public_attention,2026-02-06 15:36:08.089,Earthquake,20260202,2636
69860a68d5da49992bd19c10,wikipedia,public_attention,2026-02-06 15:36:08.089,Earthquake,20260203,2611
69860a68d5da49992bd19c11,wikipedia,public_attention,2026-02-06 15:36:08.089,Earthquake,20260204,2266
69860a68d5da49992bd19c12,wikipedia,public_attention,2026-02-06 15:36:08.089,Earthquake,20260205,3055
69860afd1ebc593535d59ac8,wikipedia,public_attention,2026-02-06 15:38:37.763,Earthquake,20260201,1456
69860afd1ebc593535d59ac9,wikipedia,public_attention,2026-02-06 15:38:37.763,Earthquake,20260202,2636
69860afd1ebc593535d59aca,wikipedia,public_attention,2026-02-06 15:38:37.763,Earthquake,20260203,2611
69860afd1ebc593535d59acb,wikipedia,public_attention,2026-02-06 15:38:37.763,Earthquake,20260204,2266
69860afd1ebc593535d59acc,wikipedia,public_attention,2026-02-06 15:38:37.763,Earthquake,20260205,3055
698626e3809a30b10e4cbd70,wikipedia,public_attention,2026-02-06 17:37:39.602,Earthquake,20260201,1456
698626e3809a30b10e4cbd71,wikipedia,public_attention,2026-02-06 17:37:39.602,Earthquake,20260202,2636
698626e3809a30b10e4cbd72,wikipedia,public_attention,2026-02-06 17:37:39.602,Earthquake,20260203,2611
698626e3809a30b10e4cbd73,wikipedia,public_attention,2026-02-06 17:37:39.602,Earthquake,20260204,2266
698626e3809a30b10e4cbd74,wikipedia,public_attention,2026-02-06 17:37:39.602,Earthquake,20260205,3055
6986c5379e65fbf31aef160f,wikipedia,public_attention,2026-02-07 04:53:11.551,Earthquake,20260206,2097
69881f8ff594ab54e7475924,wikipedia,public_attention,2026-02-08 05:30:55.797,Earthquake,20260207,1771
698a97698aa2943e12b16b8f,wikipedia,public_attention,2026-02-10 02:26:49.026,Earthquake,20260209,2191
698b607a996b265e7f14cfae,wikipedia,public_attention,2026-02-10 16:44:42.732,Earthquake,20260208,1955
698c491cbe736d8c2d30d957,wikipedia,public_attention,2026-02-11 09:17:16.513,Earthquake,20260210,2640
6991f755ae29650344d6f10d,wikipedia,public_attention,2026-02-15 16:41:57.503,Earthquake,20260210,2640
6991f755ae29650344d6f10e,wikipedia,public_attention,2026-02-15 16:41:57.521,Earthquake,20260211,2040
6991f755ae29650344d6f10f,wikipedia,public_attention,2026-02-15 16:41:57.523,Earthquake,20260212,2364
6991f755ae29650344d6f110,wikipedia,public_attention,2026-02-15 16:41:57.526,Earthquake,20260213,1788
6991f755ae29650344d6f111,wikipedia,public_attention,2026-02-15 16:41:57.528,Earthquake,20260214,1483
6991faa7926e1bfb37af5e4c,wikipedia,public_attention,2026-02-15 16:56:07.194,Earthquake,20260210,2640
6991faa7926e1bfb37af5e4d,wikipedia,public_attention,2026-02-15 16:56:07.196,Earthquake,20260211,2040
6991faa7926e1bfb37af5e4e,wikipedia,public_attention,2026-02-15 16:56:07.197,Earthquake,20260212,2364
6991faa7926e1bfb37af5e4f,wikipedia,public_attention,2026-02-15 16:56:07.198,Earthquake,20260213,1788
6991faa7926e1bfb37af5e50,wikipedia,public_attention,2026-02-15 16:56:07.200,Earthquake,20260214,1483
6991fddfc1516e5641789b28,wikipedia,public_attention,2026-02-15 17:09:51.340,Earthquake,20260210,2640
6991fddfc1516e5641789b29,wikipedia,public_attention,2026-02-15 17:09:51.343,Earthquake,20260211,2040
6991fddfc1516e5641789b2a,wikipedia,public_attention,2026-02-15 17:09:51.346,Earthquake,20260212,2364
6991fddfc1516e5641789b2b,wikipedia,public_attention,2026-02-15 17:09:51.349,Earthquake,20260213,1788
6991fddfc1516e5641789b2c,wikipedia,public_attention,2026-02-15 17:09:51.352,Earthquake,20260214,1483
69920043c1516e5641789e20,wikipedia,public_attention,2026-02-15 17:20:03.550,Earthquake,20260210,2640
69920043c1516e5641789e21,wikipedia,public_attention,2026-02-15 17:20:03.553,Earthquake,20260211,2040
69920043c1516e5641789e22,wikipedia,public_attention,2026-02-15 17:20:03.555,Earthquake,20260212,2364
69920043c1516e5641789e23,wikipedia,public_attention,2026-02-15 17:20:03.558,Earthquake,20260213,1788
69920043c1516e5641789e24,wikipedia,public_attention,2026-02-15 17:20:03.559,Earthquake,20260214,1483
6992010c29cf2b775574001e,wikipedia,public_attention,2026-02-15 17:23:24.581,Earthquake,20260210,2640
6992010c29cf2b775574001f,wikipedia,public_attention,2026-02-15 17:23:24.587,Earthquake,20260211,2040
6992010c29cf2b7755740020,wikipedia,public_attention,2026-02-15 17:23:24.589,Earthquake,20260212,2364
6992010c29cf2b7755740021,wikipedia,public_attention,2026-02-15 17:23:24.590,Earthquake,20260213,1788
6992010c29cf2b7755740022,wikipedia,public_attention,2026-02-15 17:23:24.592,Earthquake,20260214,1483
6992014829cf2b77557400bd,wikipedia,public_attention,2026-02-15 17:24:24.851,Earthquake,20260210,2640
6992014829cf2b77557400be,wikipedia,public_attention,2026-02-15 17:24:24.855,Earthquake,20260211,2040
6992014829cf2b77557400bf,wikipedia,public_attention,2026-02-15 17:24:24.858,Earthquake,20260212,2364
6992014829cf2b77557400c0,wikipedia,public_attention,2026-02-15 17:24:24.860,Earthquake,20260213,1788
6992014829cf2b77557400c1,wikipedia,public_attention,2026-02-15 17:24:24.861,Earthquake,20260214,1483
6992018529cf2b775574015c,wikipedia,public_attention,2026-02-15 17:25:25.157,Earthquake,20260210,2640
6992018529cf2b775574015d,wikipedia,public_attention,2026-02-15 17:25:25.159,Earthquake,20260211,2040
6992018529cf2b775574015e,wikipedia,public_attention,2026-02-15 17:25:25.160,Earthquake,20260212,2364
6992018529cf2b775574015f,wikipedia,public_attention,2026-02-15 17:25:25.163,Earthquake,20260213,1788
6992018529cf2b7755740160,wikipedia,public_attention,2026-02-15 17:25:25.164,Earthquake,20260214,1483
699201c129cf2b77557401fb,wikipedia,public_attention,2026-02-15 17:26:25.479,Earthquake,20260210,2640
699201c129cf2b77557401fc,wikipedia,public_attention,2026-02-15 17:26:25.480,Earthquake,20260211,2040
699201c129cf2b77557401fd,wikipedia,public_attention,2026-02-15 17:26:25.482,Earthquake,20260212,2364
699201c129cf2b77557401fe,wikipedia,public_attention,2026-02-15 17:26:25.484,Earthquake,20260213,1788
699201c129cf2b77557401ff,wikipedia,public_attention,2026-02-15 17:26:25.485,Earthquake,20260214,1483
699201fd29cf2b775574029a,wikipedia,public_attention,2026-02-15 17:27:25.785,Earthquake,20260210,2640
699201fd29cf2b775574029b,wikipedia,public_attention,2026-02-15 17:27:25.787,Earthquake,20260211,2040
699201fd29cf2b775574029c,wikipedia,public_attention,2026-02-15 17:27:25.790,Earthquake,20260212,2364
699201fd29cf2b775574029d,wikipedia,public_attention,2026-02-15 17:27:25.792,Earthquake,20260213,1788
699201fd29cf2b775574029e,wikipedia,public_attention,2026-02-15 17:27:25.795,Earthquake,20260214,1483
6992023a29cf2b7755740339,wikipedia,public_attention,2026-02-15 17:28:26.079,Earthquake,20260210,2640
6992023a29cf2b775574033a,wikipedia,public_attention,2026-02-15 17:28:26.082,Earthquake,20260211,2040
6992023a29cf2b775574033b,wikipedia,public_attention,2026-02-15 17:28:26.085,Earthquake,20260212,2364
6992023a29cf2b775574033c,wikipedia,public_attention,2026-02-15 17:28:26.088,Earthquake,20260213,1788
6992023a29cf2b775574033d,wikipedia,public_attention,2026-02-15 17:28:26.090,Earthquake,20260214,1483
6992027629cf2b77557403d8,wikipedia,public_attention,2026-02-15 17:29:26.422,Earthquake,20260210,2640
6992027629cf2b77557403d9,wikipedia,public_attention,2026-02-15 17:29:26.425,Earthquake,20260211,2040
6992027629cf2b77557403da,wikipedia,public_attention,2026-02-15 17:29:26.427,Earthquake,20260212,2364
6992027629cf2b77557403db,wikipedia,public_attention,2026-02-15 17:29:26.428,Earthquake,20260213,1788
6992027629cf2b77557403dc,wikipedia,public_attention,2026-02-15 17:29:26.430,Earthquake,20260214,1483
699202b229cf2b7755740477,wikipedia,public_attention,2026-02-15 17:30:26.724,Earthquake,20260210,2640
699202b229cf2b7755740478,wikipedia,public_attention,2026-02-15 17:30:26.728,Earthquake,20260211,2040
699202b229cf2b7755740479,wikipedia,public_attention,2026-02-15 17:30:26.731,Earthquake,20260212,2364
699202b229cf2b775574047a,wikipedia,public_attention,2026-02-15 17:30:26.733,Earthquake,20260213,1788
699202b229cf2b775574047b,wikipedia,public_attention,2026-02-15 17:30:26.736,Earthquake,20260214,1483
699202ee29cf2b7755740516,wikipedia,public_attention,2026-02-15 17:31:26.994,Earthquake,20260210,2640
699202ef29cf2b7755740517,wikipedia,public_attention,2026-02-15 17:31:27.013,Earthquake,20260211,2040
699202ef29cf2b7755740518,wikipedia,public_attention,2026-02-15 17:31:27.015,Earthquake,20260212,2364
699202ef29cf2b7755740519,wikipedia,public_attention,2026-02-15 17:31:27.016,Earthquake,20260213,1788
699202ef29cf2b775574051a,wikipedia,public_attention,2026-02-15 17:31:27.017,Earthquake,20260214,1483
6992032b29cf2b77557405b5,wikipedia,public_attention,2026-02-15 17:32:27.351,Earthquake,20260210,2640
6992032b29cf2b77557405b6,wikipedia,public_attention,2026-02-15 17:32:27.354,Earthquake,20260211,2040
6992032b29cf2b77557405b7,wikipedia,public_attention,2026-02-15 17:32:27.356,Earthquake,20260212,2364
6992032b29cf2b77557405b8,wikipedia,public_attention,2026-02-15 17:32:27.357,Earthquake,20260213,1788
6992032b29cf2b77557405b9,wikipedia,public_attention,2026-02-15 17:32:27.360,Earthquake,20260214,1483
6992036729cf2b7755740654,wikipedia,public_attention,2026-02-15 17:33:27.686,Earthquake,20260210,2640
6992036729cf2b7755740655,wikipedia,public_attention,2026-02-15 17:33:27.689,Earthquake,20260211,2040
6992036729cf2b7755740656,wikipedia,public_attention,2026-02-15 17:33:27.691,Earthquake,20260212,2364
6992036729cf2b7755740657,wikipedia,public_attention,2026-02-15 17:33:27.694,Earthquake,20260213,1788
6992036729cf2b7755740658,wikipedia,public_attention,2026-02-15 17:33:27.695,Earthquake,20260214,1483
699203a329cf2b77557406f3,wikipedia,public_attention,2026-02-15 17:34:27.978,Earthquake,20260210,2640
699203a329cf2b77557406f4,wikipedia,public_attention,2026-02-15 17:34:27.982,Earthquake,20260211,2040
699203a329cf2b77557406f5,wikipedia,public_attention,2026-02-15 17:34:27.987,Earthquake,20260212,2364
699203a329cf2b77557406f6,wikipedia,public_attention,2026-02-15 17:34:27.989,Earthquake,20260213,1788
699203a329cf2b77557406f7,wikipedia,public_attention,2026-02-15 17:34:27.991,Earthquake,20260214,1483
699203ea26478a95b541dfbe,wikipedia,public_attention,2026-02-15 17:35:38.441,Earthquake,20260210,2640
699203ea26478a95b541dfbf,wikipedia,public_attention,2026-02-15 17:35:38.443,Earthquake,20260211,2040
699203ea26478a95b541dfc0,wikipedia,public_attention,2026-02-15 17:35:38.444,Earthquake,20260212,2364
699203ea26478a95b541dfc1,wikipedia,public_attention,2026-02-15 17:35:38.447,Earthquake,20260213,1788
699203ea26478a95b541dfc2,wikipedia,public_attention,2026-02-15 17:35:38.448,Earthquake,20260214,1483
6992042726478a95b541e068,wikipedia,public_attention,2026-02-15 17:36:39.124,Earthquake,20260210,2640
6992042726478a95b541e069,wikipedia,public_attention,2026-02-15 17:36:39.135,Earthquake,20260211,2040
6992042726478a95b541e06a,wikipedia,public_attention,2026-02-15 17:36:39.138,Earthquake,20260212,2364
6992042726478a95b541e06b,wikipedia,public_attention,2026-02-15 17:36:39.143,Earthquake,20260213,1788
6992042726478a95b541e06c,wikipedia,public_attention,2026-02-15 17:36:39.147,Earthquake,20260214,1483
6992046326478a95b541e114,wikipedia,public_attention,2026-02-15 17:37:39.635,Earthquake,20260210,2640
6992046326478a95b541e115,wikipedia,public_attention,2026-02-15 17:37:39.639,Earthquake,20260211,2040
6992046326478a95b541e116,wikipedia,public_attention,2026-02-15 17:37:39.646,Earthquake,20260212,2364
6992046326478a95b541e117,wikipedia,public_attention,2026-02-15 17:37:39.650,Earthquake,20260213,1788
6992046326478a95b541e118,wikipedia,public_attention,2026-02-15 17:37:39.653,Earthquake,20260214,1483
699204a026478a95b541e1c0,wikipedia,public_attention,2026-02-15 17:38:40.031,Earthquake,20260210,2640
699204a026478a95b541e1c1,wikipedia,public_attention,2026-02-15 17:38:40.034,Earthquake,20260211,2040
699204a026478a95b541e1c2,wikipedia,public_attention,2026-02-15 17:38:40.041,Earthquake,20260212,2364
699204a026478a95b541e1c3,wikipedia,public_attention,2026-02-15 17:38:40.049,Earthquake,20260213,1788
699204a026478a95b541e1c4,wikipedia,public_attention,2026-02-15 17:38:40.053,Earthquake,20260214,1483
69920678b6140d2297086948,wikipedia,public_attention,2026-02-15 17:46:32.937,Earthquake,20260210,2640
69920678b6140d2297086949,wikipedia,public_attention,2026-02-15 17:46:32.941,Earthquake,20260211,2040
69920678b6140d229708694a,wikipedia,public_attention,2026-02-15 17:46:32.942,Earthquake,20260212,2364
69920678b6140d229708694b,wikipedia,public_attention,2026-02-15 17:46:32.944,Earthquake,20260213,1788
69920678b6140d229708694c,wikipedia,public_attention,2026-02-15 17:46:32.945,Earthquake,20260214,1483
699206b5b6140d22970869e3,wikipedia,public_attention,2026-02-15 17:47:33.332,Earthquake,20260210,2640
699206b5b6140d22970869e4,wikipedia,public_attention,2026-02-15 17:47:33.336,Earthquake,20260211,2040
699206b5b6140d22970869e5,wikipedia,public_attention,2026-02-15 17:47:33.342,Earthquake,20260212,2364
699206b5b6140d22970869e6,wikipedia,public_attention,2026-02-15 17:47:33.345,Earthquake,20260213,1788
699206b5b6140d22970869e7,wikipedia,public_attention,2026-02-15 17:47:33.348,Earthquake,20260214,1483
699206f1b6140d2297086a90,wikipedia,public_attention,2026-02-15 17:48:33.709,Earthquake,20260210,2640
699206f1b6140d2297086a91,wikipedia,public_attention,2026-02-15 17:48:33.717,Earthquake,20260211,2040
699206f1b6140d2297086a92,wikipedia,public_attention,2026-02-15 17:48:33.728,Earthquake,20260212,2364
699206f1b6140d2297086a93,wikipedia,public_attention,2026-02-15 17:48:33.742,Earthquake,20260213,1788
699206f1b6140d2297086a94,wikipedia,public_attention,2026-02-15 17:48:33.751,Earthquake,20260214,1483
6992072eb6140d2297086b3b,wikipedia,public_attention,2026-02-15 17:49:34.163,Earthquake,20260210,2640
6992072eb6140d2297086b3c,wikipedia,public_attention,2026-02-15 17:49:34.188,Earthquake,20260211,2040
6992072eb6140d2297086b3d,wikipedia,public_attention,2026-02-15 17:49:34.217,Earthquake,20260212,2364
6992072eb6140d2297086b3e,wikipedia,public_attention,2026-02-15 17:49:34.263,Earthquake,20260213,1788
6992072eb6140d2297086b3f,wikipedia,public_attention,2026-02-15 17:49:34.315,Earthquake,20260214,1483
