_id,source,category,collected_at,data_coin_id,data_vs_currency,data_timestamp,data_price,data_price_normalized
69860de0b9dd5392aef9eaf0,coingecko,crypto,2026-02-06 15:50:56.870,bitcoin,usd,1970-01-01T00:29:29.961713804+00:00,1.8184800168085598e-10,2.4564275068785173e-15
69860de0b9dd5392aef9eaf1,coingecko,crypto,2026-02-06 15:50:56.870,bitcoin,usd,1970-01-01T00:29:29.965277622+00:00,1.7998062967173063e-10,2.431202792136582e-15
69860de0b9dd5392aef9eaf2,coingecko,crypto,2026-02-06 15:50:56.870,bitcoin,usd,1970-01-01T00:29:29.968939141+00:00,1.8371673482735804e-10,2.4816706080490182e-15
69860de0b9dd5392aef9eaf3,coingecko,crypto,2026-02-06 15:50:56.870,bitcoin,usd,1970-01-01T00:29:29.972492719+00:00,1.8619115979130887e-10,2.515095476559936e-15
69860de0b9dd5392aef9eaf4,coingecko,crypto,2026-02-06 15:50:56.870,bitcoin,usd,1970-01-01T00:29:29.976090378+00:00,1.7608243504846916e-10,2.378545449678947e-15
69860de0b9dd5392aef9eaf5,coingecko,crypto,2026-02-06 15:50:56.870,bitcoin,usd,1970-01-01T00:29:29.979694657+00:00,1.7556323932600281e-10,2.3715320833382035e-15
69860de0b9dd5392aef9eaf6,coingecko,crypto,2026-02-06 15:50:56.870,bitcoin,usd,1970-01-01T00:29:29.983316369+00:00,1.681500245219697e-10,2.271393370838164e-15
69860de0b9dd5392aef9eaf7,coingecko,crypto,2026-02-06 15:50:56.870,bitcoin,usd,1970-01-01T00:29:29.986808714+00:00,1.7691592401654436e-10,2.389804331871411e-15
69860de0b9dd5392aef9eaf8,coingecko,crypto,2026-02-06 15:50:56.870,bitcoin,usd,1970-01-01T00:29:29.990495648+00:00,1.7396682690118767e-10,2.3499675274652127e-15
69860de0b9dd5392aef9eaf9,coingecko,crypto,2026-02-06 15:50:56.870,bitcoin,usd,1970-01-01T00:29:29.994141892+00:00,1.8223811952286843e-10,2.461697271677612e-15
69860de0b9dd5392aef9eafa,coingecko,crypto,2026-02-06 15:50:56.870,bitcoin,usd,1970-01-01T00:29:29.997651309+00:00,1.8109027350765079e-10,2.446192011793646e-15
69860de0b9dd5392aef9eafb,coingecko,crypto,2026-02-06 15:50:56.870,bitcoin,usd,1970-01-01T00:29:30.001338913+00:00,1.6802177539210693e-10,2.269660964172068e-15
69860de0b9dd5392aef9eafc,coingecko,crypto,2026-02-06 15:50:56.870,bitcoin,usd,1970-01-01T00:29:30.004920712+00:00,1.6507847299683418e-10,2.229902435631853e-15
69860de0b9dd5392aef9eafd,coingecko,crypto,2026-02-06 15:50:56.870,bitcoin,usd,1970-01-01T00:29:30.008537015+00:00,1.6060853050952024e-10,2.169521845366841e-15
69860de0b9dd5392aef9eafe,coingecko,crypto,2026-02-06 15:50:56.870,bitcoin,usd,1970-01-01T00:29:30.012203502+00:00,1.5588005545469637e-10,2.1056489620637686e-15
69860de0b9dd5392aef9eaff,coingecko,crypto,2026-02-06 15:50:56.870,bitcoin,usd,1970-01-01T00:29:30.015754828+00:00,1.6775034341460108e-10,2.2659944241516724e-15
69860de0b9dd5392aef9eb00,coingecko,crypto,2026-02-06 15:50:56.870,bitcoin,usd,1970-01-01T00:29:30.019424420+00:00,1.6992260771759325e-10,2.2953376654122776e-15
69860de0b9dd5392aef9eb01,coingecko,crypto,2026-02-06 15:50:56.870,bitcoin,usd,1970-01-01T00:29:30.022982414+00:00,1.7299153842469485e-10,2.336793198252604e-15
69860de0b9dd5392aef9eb02,coingecko,crypto,2026-02-06 15:50:56.870,bitcoin,usd,1970-01-01T00:29:30.026575065+00:00,1.8271117198872955e-10,2.4680873286405544e-15
69860de0b9dd5392aef9eb03,coingecko,crypto,2026-02-06 15:50:56.870,bitcoin,usd,1970-01-01T00:29:30.030176792+00:00,1.8056745446865463e-10,2.4391297012010675e-15
69860de0b9dd5392aef9eb04,coingecko,crypto,2026-02-06 15:50:56.870,bitcoin,usd,1970-01-01T00:29:30.033790742+00:00,1.836449502662001e-10,2.4807009324464952e-15
69860de0b9dd5392aef9eb05,coingecko,crypto,2026-02-06 15:50:56.870,bitcoin,usd,1970-01-01T00:29:30.037374105+00:00,1.8646206639108284e-10,2.5187549197065675e-15
69860de0b9dd5392aef9eb06,coingecko,crypto,2026-02-06 15:50:56.870,bitcoin,usd,1970-01-01T00:29:30.041011189+00:00,1.8964198787089775e-10,2.5617097309804354e-15
69860de0b9dd5392aef9eb07,coingecko,crypto,2026-02-06 15:50:56.870,bitcoin,usd,1970-01-01T00:29:30.044562887+00:00,1.8387146903118158e-10,2.483760778691609e-15
69860de0b9dd5392aef9eb08,coingecko,crypto,2026-02-06 15:50:56.870,bitcoin,usd,1970-01-01T00:29:30.048103552+00:00,1.9688923155661853e-10,2.6596064830706747e-15
69860de0b9dd5392aef9eb09,coingecko,crypto,2026-02-06 15:50:56.870,bitcoin,usd,1970-01-01T00:29:30.051849045+00:00,1.9521795713951583e-10,2.637030681237458e-15
69860de0b9dd5392aef9eb0a,coingecko,crypto,2026-02-06 15:50:56.870,bitcoin,usd,1970-01-01T00:29:30.055379982+00:00,1.988384289451673e-10,2.6859365061520945e-15
69860de0b9dd5392aef9eb0b,coingecko,crypto,2026-02-06 15:50:56.870,bitcoin,usd,1970-01-01T00:29:30.059007125+00:00,1.9399247059490725e-10,2.620476642536669e-15
69860de0b9dd5392aef9eb0c,coingecko,crypto,2026-02-06 15:50:56.870,bitcoin,usd,1970-01-01T00:29:30.062545545+00:00,1.907353358487457e-10,2.5764788239732153e-15
69860de0b9dd5392aef9eb0d,coingecko,crypto,2026-02-06 15:50:56.870,bitcoin,usd,1970-01-01T00:29:30.066167462+00:00,1.8662787177632343e-10,2.5209946413715237e-15
69860de0b9dd5392aef9eb0e,coingecko,crypto,2026-02-06 15:50:56.870,bitcoin,usd,1970-01-01T00:29:30.069796172+00:00,1.9338117517014895e-10,2.6122191809075855e-15
69860de0b9dd5392aef9eb0f,coingecko,crypto,2026-02-06 15:50:56.870,bitcoin,usd,1970-01-01T00:29:30.073410436+00:00,1.9609570707882277e-10,2.6488874466412295e-15
69860de0b9dd5392aef9eb10,coingecko,crypto,2026-02-06 15:50:56.870,bitcoin,usd,1970-01-01T00:29:30.076951621+00:00,1.9568356832848162e-10,2.64332022042136e-15
69860de0b9dd5392aef9eb11,coingecko,crypto,2026-02-06 15:50:56.870,bitcoin,usd,1970-01-01T00:29:30.080533347+00:00,1.9975191244844902e-10,2.6982759653916798e-15
69860de0b9dd5392aef9eb12,coingecko,crypto,2026-02-06 15:50:56.870,bitcoin,usd,1970-01-01T00:29:30.084174687+00:00,1.9879031056290202e-10,2.6852865165085988e-15
69860de0b9dd5392aef9eb13,coingecko,crypto,2026-02-06 15:50:56.870,bitcoin,usd,1970-01-01T00:29:30.087751154+00:00,1.8456064532657534e-10,2.4930702656996925e-15
69860de0b9dd5392aef9eb14,coingecko,crypto,2026-02-06 15:50:56.870,bitcoin,usd,1970-01-01T00:29:30.091342481+00:00,1.958639004135787e-10,2.64575617072112e-15
69860de0b9dd5392aef9eb15,coingecko,crypto,2026-02-06 15:50:56.870,bitcoin,usd,1970-01-01T00:29:30.094948179+00:00,1.9651384805297955e-10,2.6545357517156746e-15
69860de0b9dd5392aef9eb16,coingecko,crypto,2026-02-06 15:50:56.870,bitcoin,usd,1970-01-01T00:29:30.098667137+00:00,1.8953596918334775e-10,2.5602776161486323e-15
69860de0b9dd5392aef9eb17,coingecko,crypto,2026-02-06 15:50:56.870,bitcoin,usd,1970-01-01T00:29:30.102076117+00:00,1.938250760418347e-10,2.6182154541767848e-15
69860de0b9dd5392aef9eb18,coingecko,crypto,2026-02-06 15:50:56.870,bitcoin,usd,1970-01-01T00:29:30.105669140+00:00,1.9607790892023392e-10,2.648647026697511e-15
69860de0b9dd5392aef9eb19,coingecko,crypto,2026-02-06 15:50:56.870,bitcoin,usd,1970-01-01T00:29:30.109221488+00:00,1.955014727391904e-10,2.6408604484674113e-15
69860de0b9dd5392aef9eb1a,coingecko,crypto,2026-02-06 15:50:56.870,bitcoin,usd,1970-01-01T00:29:30.112884996+00:00,1.9180552293758352e-10,2.590935056531333e-15
69860de0b9dd5392aef9eb1b,coingecko,crypto,2026-02-06 15:50:56.870,bitcoin,usd,1970-01-01T00:29:30.116545058+00:00,1.8824876440668788e-10,2.5428898791861884e-15
69860de0b9dd5392aef9eb1c,coingecko,crypto,2026-02-06 15:50:56.870,bitcoin,usd,1970-01-01T00:29:30.120109910+00:00,1.8766994171090305e-10,2.535071063590806e-15
69860de0b9dd5392aef9eb1d,coingecko,crypto,2026-02-06 15:50:56.870,bitcoin,usd,1970-01-01T00:29:30.123771185+00:00,1.9058413280587134e-10,2.574436352732359e-15
69860de0b9dd5392aef9eb1e,coingecko,crypto,2026-02-06 15:50:56.870,bitcoin,usd,1970-01-01T00:29:30.127346062+00:00,1.9014899104786104e-10,2.5685583987604265e-15
69860de0b9dd5392aef9eb1f,coingecko,crypto,2026-02-06 15:50:56.870,bitcoin,usd,1970-01-01T00:29:30.130929193+00:00,1.7717972680635633e-10,2.393367815788175e-15
69860de0b9dd5392aef9eb20,coingecko,crypto,2026-02-06 15:50:56.870,bitcoin,usd,1970-01-01T00:29:30.134581592+00:00,1.8693147875079633e-10,2.5250958056212373e-15
69860de0b9dd5392aef9eb21,coingecko,crypto,2026-02-06 15:50:56.870,bitcoin,usd,1970-01-01T00:29:30.138091755+00:00,1.6847597141635e-10,2.2757963057603884e-15
69860de0b9dd5392aef9eb22,coingecko,crypto,2026-02-06 15:50:56.870,bitcoin,usd,1970-01-01T00:29:30.141689737+00:00,1.4910196974209358e-10,2.014089659599514e-15
69860de0b9dd5392aef9eb23,coingecko,crypto,2026-02-06 15:50:56.870,bitcoin,usd,1970-01-01T00:29:30.145354074+00:00,1.2709495473762373e-10,1.7168159117353986e-15
69860de0b9dd5392aef9eb24,coingecko,crypto,2026-02-06 15:50:56.870,bitcoin,usd,1970-01-01T00:29:30.148810546+00:00,1.4591937134545973e-10,1.9710986881696536e-15
69860de0b9dd5392aef9eb25,coingecko,crypto,2026-02-06 15:50:56.870,bitcoin,usd,1970-01-01T00:29:30.152557773+00:00,1.678557186264607e-10,2.267417846826448e-15
69860de0b9dd5392aef9eb26,coingecko,crypto,2026-02-06 15:50:56.870,bitcoin,usd,1970-01-01T00:29:30.156076126+00:00,1.6464593612278248e-10,2.224059668786251e-15
69860de0b9dd5392aef9eb27,coingecko,crypto,2026-02-06 15:50:56.870,bitcoin,usd,1970-01-01T00:29:30.159704571+00:00,1.5734524051957915e-10,2.1254408809343544e-15
69860de0b9dd5392aef9eb28,coingecko,crypto,2026-02-06 15:50:56.870,bitcoin,usd,1970-01-01T00:29:30.163279881+00:00,1.5844097917955087e-10,2.140242267585985e-15
69860de0b9dd5392aef9eb29,coingecko,crypto,2026-02-06 15:50:56.870,bitcoin,usd,1970-01-01T00:29:30.166933289+00:00,1.616778590939913e-10,2.183966481131363e-15
69860de0b9dd5392aef9eb2a,coingecko,crypto,2026-02-06 15:50:56.870,bitcoin,usd,1970-01-01T00:29:30.170400667+00:00,1.6722389551126418e-10,2.2588830943666752e-15
69860de0b9dd5392aef9eb2b,coingecko,crypto,2026-02-06 15:50:56.870,bitcoin,usd,1970-01-01T00:29:30.174085322+00:00,1.6116442601655033e-10,2.177030957382355e-15
69860de0b9dd5392aef9eb2c,coingecko,crypto,2026-02-06 15:50:56.870,bitcoin,usd,1970-01-01T00:29:30.177670803+00:00,1.7028099248591165e-10,2.3001787755416513e-15
69860de0b9dd5392aef9eb2d,coingecko,crypto,2026-02-06 15:50:56.870,bitcoin,usd,1970-01-01T00:29:30.181268545+00:00,1.6749490878949113e-10,2.2625439785403402e-15
69860de0b9dd5392aef9eb2e,coingecko,crypto,2026-02-06 15:50:56.870,bitcoin,usd,1970-01-01T00:29:30.184864476+00:00,1.6484061668649272e-10,2.2266894402840522e-15
69860de0b9dd5392aef9eb2f,coingecko,crypto,2026-02-06 15:50:56.870,bitcoin,usd,1970-01-01T00:29:30.188477198+00:00,1.6956732486212635e-10,2.2905384563430304e-15
69860de0b9dd5392aef9eb30,coingecko,crypto,2026-02-06 15:50:56.870,bitcoin,usd,1970-01-01T00:29:30.192093151+00:00,1.6801073597783154e-10,2.269511842264567e-15
69860de0b9dd5392aef9eb31,coingecko,crypto,2026-02-06 15:50:56.870,bitcoin,usd,1970-01-01T00:29:30.195687154+00:00,1.686047751117123e-10,2.277536203572578e-15
69860de0b9dd5392aef9eb32,coingecko,crypto,2026-02-06 15:50:56.870,bitcoin,usd,1970-01-01T00:29:30.199273198+00:00,1.62846876399743e-10,2.1997577256835315e-15
69860de0b9dd5392aef9eb33,coingecko,crypto,2026-02-06 15:50:56.870,bitcoin,usd,1970-01-01T00:29:30.202909512+00:00,1.6500961529468818e-10,2.228972296438414e-15
69860de0b9dd5392aef9eb34,coingecko,crypto,2026-02-06 15:50:56.870,bitcoin,usd,1970-01-01T00:29:30.206455291+00:00,1.6244553425619134e-10,2.194336341494663e-15
69860de0b9dd5392aef9eb35,coingecko,crypto,2026-02-06 15:50:56.870,bitcoin,usd,1970-01-01T00:29:30.210137140+00:00,1.633562063137509e-10,2.206637823343559e-15
69860de0b9dd5392aef9eb36,coingecko,crypto,2026-02-06 15:50:56.870,bitcoin,usd,1970-01-01T00:29:30.213686031+00:00,1.4738913771924074e-10,1.9909524919831096e-15
69860de0b9dd5392aef9eb37,coingecko,crypto,2026-02-06 15:50:56.870,bitcoin,usd,1970-01-01T00:29:30.217310821+00:00,1.3974047840991672e-10,1.8876333631254847e-15
69860de0b9dd5392aef9eb38,coingecko,crypto,2026-02-06 15:50:56.870,bitcoin,usd,1970-01-01T00:29:30.220907736+00:00,1.3842823997400073e-10,1.869907468093521e-15
69860de0b9dd5392aef9eb39,coingecko,crypto,2026-02-06 15:50:56.870,bitcoin,usd,1970-01-01T00:29:30.224508467+00:00,1.3188437299766619e-10,1.7815120241323986e-15
69860de0b9dd5392aef9eb3a,coingecko,crypto,2026-02-06 15:50:56.870,bitcoin,usd,1970-01-01T00:29:30.228094709+00:00,1.1824975642775652e-10,1.5973337715341266e-15
69860de0b9dd5392aef9eb3b,coingecko,crypto,2026-02-06 15:50:56.870,bitcoin,usd,1970-01-01T00:29:30.231694175+00:00,1.3142911135505315e-10,1.7753622880263951e-15
69860de0b9dd5392aef9eb3c,coingecko,crypto,2026-02-06 15:50:56.870,bitcoin,usd,1970-01-01T00:29:30.235342286+00:00,1.3361389628698751e-10,1.8048746596434116e-15
69860de0b9dd5392aef9eb3d,coingecko,crypto,2026-02-06 15:50:56.870,bitcoin,usd,1970-01-01T00:29:30.238906111+00:00,1.3046522908192598e-10,1.7623420353581393e-15
69860de0b9dd5392aef9eb3e,coingecko,crypto,2026-02-06 15:50:56.870,bitcoin,usd,1970-01-01T00:29:30.242473653+00:00,1.2114232510939218e-10,1.6364069821794387e-15
69860de0b9dd5392aef9eb3f,coingecko,crypto,2026-02-06 15:50:56.870,bitcoin,usd,1970-01-01T00:29:30.246095860+00:00,1.1833598286761669e-10,1.5984985299957809e-15
69860de0b9dd5392aef9eb40,coingecko,crypto,2026-02-06 15:50:56.870,bitcoin,usd,1970-01-01T00:29:30.249694865+00:00,1.2600184018942227e-10,1.7020499719419903e-15
69860de0b9dd5392aef9eb41,coingecko,crypto,2026-02-06 15:50:56.870,bitcoin,usd,1970-01-01T00:29:30.253310545+00:00,1.221703547988257e-10,1.6502937468602196e-15
69860de0b9dd5392aef9eb42,coingecko,crypto,2026-02-06 15:50:56.870,bitcoin,usd,1970-01-01T00:29:30.256877906+00:00,1.169419166796229e-10,1.5796672945741946e-15
69860de0b9dd5392aef9eb43,coingecko,crypto,2026-02-06 15:50:56.870,bitcoin,usd,1970-01-01T00:29:30.260585124+00:00,1.0517444305070476e-10,1.4207106624343917e-15
69860de0b9dd5392aef9eb44,coingecko,crypto,2026-02-06 15:50:56.870,bitcoin,usd,1970-01-01T00:29:30.264201193+00:00,1.0259878726711558e-10,1.3859183542617512e-15
69860de0b9dd5392aef9eb45,coingecko,crypto,2026-02-06 15:50:56.870,bitcoin,usd,1970-01-01T00:29:30.267814483+00:00,9.807612003003827e-11,1.3248255509154028e-15
69860de0b9dd5392aef9eb46,coingecko,crypto,2026-02-06 15:50:56.870,bitcoin,usd,1970-01-01T00:29:30.271365683+00:00,9.591264765879853e-11,1.295601072263106e-15
69860de0b9dd5392aef9eb47,coingecko,crypto,2026-02-06 15:50:56.870,bitcoin,usd,1970-01-01T00:29:30.274878770+00:00,9.854093416392229e-11,1.331104323370997e-15
69860de0b9dd5392aef9eb48,coingecko,crypto,2026-02-06 15:50:56.870,bitcoin,usd,1970-01-01T00:29:30.278447621+00:00,9.534310390880732e-11,1.2879075979278506e-15
69860de0b9dd5392aef9eb49,coingecko,crypto,2026-02-06 15:50:56.870,bitcoin,usd,1970-01-01T00:29:30.282132543+00:00,1.0115308649349376e-10,1.366389631844044e-15
69860de0b9dd5392aef9eb4a,coingecko,crypto,2026-02-06 15:50:56.870,bitcoin,usd,1970-01-01T00:29:30.285714791+00:00,1.0627323442281821e-10,1.4355532855362787e-15
69860de0b9dd5392aef9eb4b,coingecko,crypto,2026-02-06 15:50:56.870,bitcoin,usd,1970-01-01T00:29:30.289334107+00:00,9.74587010932658e-11,1.3164853720542828e-15
69860de0b9dd5392aef9eb4c,coingecko,crypto,2026-02-06 15:50:56.870,bitcoin,usd,1970-01-01T00:29:30.293034009+00:00,9.110917658271882e-11,1.2307151325182993e-15
69860de0b9dd5392aef9eb4d,coingecko,crypto,2026-02-06 15:50:56.870,bitcoin,usd,1970-01-01T00:29:30.296584086+00:00,8.169444152239646e-11,1.1035396125324556e-15
69860de0b9dd5392aef9eb4e,coingecko,crypto,2026-02-06 15:50:56.870,bitcoin,usd,1970-01-01T00:29:30.300176542+00:00,8.382447240267089e-11,1.1323123589824795e-15
69860de0b9dd5392aef9eb4f,coingecko,crypto,2026-02-06 15:50:56.870,bitcoin,usd,1970-01-01T00:29:30.303771227+00:00,8.074741180787582e-11,1.0907470065149176e-15
69860de0b9dd5392aef9eb50,coingecko,crypto,2026-02-06 15:50:56.870,bitcoin,usd,1970-01-01T00:29:30.307367386+00:00,5.624186824099111e-11,7.597227954578728e-16
69860de0b9dd5392aef9eb51,coingecko,crypto,2026-02-06 15:50:56.870,bitcoin,usd,1970-01-01T00:29:30.310907488+00:00,6.585284271139567e-11,8.895491440500462e-16
69860de0b9dd5392aef9eb52,coingecko,crypto,2026-02-06 15:50:56.870,bitcoin,usd,1970-01-01T00:29:30.314587444+00:00,4.03181069448906e-11,5.446224649667146e-16
69860de0b9dd5392aef9eb53,coingecko,crypto,2026-02-06 15:50:56.870,bitcoin,usd,1970-01-01T00:29:30.318158071+00:00,4.200885087941975e-11,5.674612636858464e-16
69860de0b9dd5392aef9eb54,coingecko,crypto,2026-02-06 15:50:56.870,bitcoin,usd,1970-01-01T00:29:30.321786580+00:00,2.8646619608405205e-11,3.8696242870278434e-16
69860de0b9dd5392aef9eb55,coingecko,crypto,2026-02-06 15:50:56.870,bitcoin,usd,1970-01-01T00:29:30.325432325+00:00,1.307439598370713e-11,1.7661071682582719e-16
69860de0b9dd5392aef9eb56,coingecko,crypto,2026-02-06 15:50:56.870,bitcoin,usd,1970-01-01T00:29:30.328994760+00:00,4.066394681266599e-12,5.4929411687559636e-17
69860de0b9dd5392aef9eb57,coingecko,crypto,2026-02-06 15:50:56.870,bitcoin,usd,1970-01-01T00:29:30.332589772+00:00,1.2317647610602969e-11,1.6638845701380573e-16
69860de0b9dd5392aef9eb58,coingecko,crypto,2026-02-06 15:50:56.870,bitcoin,usd,1970-01-01T00:29:30.336185158+00:00,0.0,0.0
69860de0b9dd5392aef9eb59,coingecko,crypto,2026-02-06 15:50:56.870,bitcoin,usd,1970-01-01T00:29:30.339766464+00:00,8.052253538247204e-12,1.0877093452158958e-16
69860de0b9dd5392aef9eb5a,coingecko,crypto,2026-02-06 15:50:56.870,bitcoin,usd,1970-01-01T00:29:30.343352077+00:00,3.3873731928495694e-11,4.575709719143186e-16
69860de0b9dd5392aef9eb5b,coingecko,crypto,2026-02-06 15:50:56.870,bitcoin,usd,1970-01-01T00:29:30.346828120+00:00,2.462837724314413e-11,3.3268346504029273e-16
69860de0b9dd5392aef9eb5c,coingecko,crypto,2026-02-06 15:50:56.870,bitcoin,usd,1970-01-01T00:29:30.350595073+00:00,1.5673917807394797e-11,2.1172541070981078e-16
69860de0b9dd5392aef9eb5d,coingecko,crypto,2026-02-06 15:50:56.870,bitcoin,usd,1970-01-01T00:29:30.354169928+00:00,2.4705827655845722e-11,3.3372967573505296e-16
69860de0b9dd5392aef9eb5e,coingecko,crypto,2026-02-06 15:50:56.870,bitcoin,usd,1970-01-01T00:29:30.357800975+00:00,4.3699213616990645e-11,5.902949131446887e-16
69860de0b9dd5392aef9eb5f,coingecko,crypto,2026-02-06 15:50:56.870,bitcoin,usd,1970-01-01T00:29:30.361411020+00:00,2.393561310644306e-11,3.233255129844984e-16
69860de0b9dd5392aef9eb60,coingecko,crypto,2026-02-06 15:50:56.870,bitcoin,usd,1970-01-01T00:29:30.365010609+00:00,2.3963011783695786e-11,3.236956180383543e-16
69860de0b9dd5392aef9eb61,coingecko,crypto,2026-02-06 15:50:56.870,bitcoin,usd,1970-01-01T00:29:30.368557087+00:00,2.4582335784429894e-11,3.320615307622304e-16
69860de0b9dd5392aef9eb62,coingecko,crypto,2026-02-06 15:50:56.870,bitcoin,usd,1970-01-01T00:29:30.372070528+00:00,3.6077853247749177e-11,4.873445420776777e-16
69860de0b9dd5392aef9eb63,coingecko,crypto,2026-02-06 15:50:56.870,bitcoin,usd,1970-01-01T00:29:30.375791873+00:00,3.7430458805691e-11,5.056157216769795e-16
69860de0b9dd5392aef9eb64,coingecko,crypto,2026-02-06 15:50:56.870,bitcoin,usd,1970-01-01T00:29:30.379414016+00:00,4.5033988756800435e-11,6.0832523703398085e-16
69860de0b9dd5392aef9eb65,coingecko,crypto,2026-02-06 15:50:56.870,bitcoin,usd,1970-01-01T00:29:30.383009986+00:00,4.5121844631471986e-11,6.095120061223914e-16
69860de0b9dd5392aef9eb66,coingecko,crypto,2026-02-06 15:50:56.870,bitcoin,usd,1970-01-01T00:29:30.386606188+00:00,5.468076284737527e-11,7.386351717580295e-16
69860de0b9dd5392aef9eb67,coingecko,crypto,2026-02-06 15:50:56.870,bitcoin,usd,1970-01-01T00:29:30.390191417+00:00,6.536657551246978e-11,8.829805806779249e-16
69860de0b9dd5392aef9eb68,coingecko,crypto,2026-02-06 15:50:56.870,bitcoin,usd,1970-01-01T00:29:30.393053+00:00,7.528288174664782e-11,1.01693139220796e-15
69860e887d09d7b6f4ec69f0,coingecko,crypto,2026-02-06 15:53:44.674,bitcoin,usd,1970-01-01T00:29:30.393206+00:00,7.31812001638096e-11,9.885415919183521e-16
698626e4809a30b10e4cbeda,coingecko,crypto,2026-02-06 17:37:40.259,bitcoin,usd,1970-01-01T00:29:30.393815201+00:00,7.114474484071123e-11,9.610328768049067e-16
698626e4809a30b10e4cbedb,coingecko,crypto,2026-02-06 17:37:40.259,bitcoin,usd,1970-01-01T00:29:30.397391194+00:00,8.707642218975865e-11,1.1762401384144986e-15
698626e4809a30b10e4cbedc,coingecko,crypto,2026-02-06 17:37:40.259,bitcoin,usd,1970-01-01T00:29:30.399459+00:00,9.914043178931456e-11,1.3392024187237654e-15
6986c5369e65fbf31aef1603,coingecko,crypto,2026-02-07 04:53:10.912,bitcoin,usd,1970-01-01T00:29:30.400953543+00:00,1.4136965945469134e-05,1.9096405619678065e-10
6986c5369e65fbf31aef1604,coingecko,crypto,2026-02-07 04:53:10.914,bitcoin,usd,1970-01-01T00:29:30.404532385+00:00,1.3933456305783357e-05,1.8821502034146005e-10
6986c5369e65fbf31aef1605,coingecko,crypto,2026-02-07 04:53:10.915,bitcoin,usd,1970-01-01T00:29:30.408165035+00:00,1.4116519675512851e-05,1.9068786520502139e-10
6986c5369e65fbf31aef1606,coingecko,crypto,2026-02-07 04:53:10.917,bitcoin,usd,1970-01-01T00:29:30.411794009+00:00,1.3980692544093065e-05,1.8885309386458334e-10
6986c5369e65fbf31aef1607,coingecko,crypto,2026-02-07 04:53:10.918,bitcoin,usd,1970-01-01T00:29:30.415413268+00:00,1.404044897670474e-05,1.8966029187293904e-10
6986c5369e65fbf31aef1608,coingecko,crypto,2026-02-07 04:53:10.919,bitcoin,usd,1970-01-01T00:29:30.418943560+00:00,1.4241838984113141e-05,1.9238069544755e-10
6986c5369e65fbf31aef1609,coingecko,crypto,2026-02-07 04:53:10.920,bitcoin,usd,1970-01-01T00:29:30.422513674+00:00,1.4091600968835867e-05,1.9035125993055371e-10
6986c5369e65fbf31aef160a,coingecko,crypto,2026-02-07 04:53:10.921,bitcoin,usd,1970-01-01T00:29:30.426180531+00:00,1.3967527299678575e-05,1.8867525595481465e-10
6986c5369e65fbf31aef160b,coingecko,crypto,2026-02-07 04:53:10.922,bitcoin,usd,1970-01-01T00:29:30.429748253+00:00,1.4076868512454896e-05,1.901522519086695e-10
6986c5369e65fbf31aef160c,coingecko,crypto,2026-02-07 04:53:10.924,bitcoin,usd,1970-01-01T00:29:30.433383055+00:00,1.4047328667925903e-05,1.8975322367641386e-10
6986c5369e65fbf31aef160d,coingecko,crypto,2026-02-07 04:53:10.924,bitcoin,usd,1970-01-01T00:29:30.436854461+00:00,1.4141085890836756e-05,1.9101970897841323e-10
6986c5369e65fbf31aef160e,coingecko,crypto,2026-02-07 04:53:10.925,bitcoin,usd,1970-01-01T00:29:30.439964+00:00,1.4130362716788034e-05,1.9087485888684854e-10
6986cc808816c3505348c1d3,coingecko,crypto,2026-02-07 05:24:16.922,bitcoin,usd,1970-01-01T00:29:30.441845+00:00,1.420352361738005e-05,1.9186312626939383e-10
6986cdaf4759a9d81be1155d,coingecko,crypto,2026-02-07 05:29:19.807,bitcoin,usd,1970-01-01T00:29:30.440660268+00:00,1.412586156791149e-05,1.9081405675643907e-10
6986cdaf4759a9d81be1155e,coingecko,crypto,2026-02-07 05:29:19.809,bitcoin,usd,1970-01-01T00:29:30.442155+00:00,1.4094821412611963e-05,1.9039476212250984e-10
6986d1b2a9d19f747cb396bd,coingecko,crypto,2026-02-07 05:46:26.315,bitcoin,usd,1970-01-01T00:29:30.443182+00:00,1.0,1.3508135828677172e-05
6986d3c4a8c3c4fef25bf63e,coingecko,crypto,2026-02-07 05:55:16.677,bitcoin,usd,1970-01-01T00:29:30.443708+00:00,70053.47859366749,0.9462919041145891
6986d80d85166b9379a901ba,coingecko,crypto,2026-02-07 06:13:33.494,bitcoin,usd,1970-01-01T00:29:30.444810+00:00,70048.87654705446,0.9462297390438504
6986e09cd35496afd293c858,coingecko,crypto,2026-02-07 06:50:04.709,bitcoin,usd,1970-01-01T00:29:30.444243769+00:00,70109.21450925693,0.947044792432907
6986e09cd35496afd293c859,coingecko,crypto,2026-02-07 06:50:04.711,bitcoin,usd,1970-01-01T00:29:30.446995+00:00,69862.5302962008,0.9437125485761544
6986e22f5b5e7f2827658b40,coingecko,crypto,2026-02-07 06:56:47.939,bitcoin,usd,1970-01-01T00:29:30.447399+00:00,69339.77365945514,0.9366510809216516
6986e6f3db0ae8e0edca7c82,coingecko,crypto,2026-02-07 07:17:07.027,bitcoin,usd,1970-01-01T00:29:30.447669434+00:00,68878.39427353993,0.9304187055081573
6986e6f3db0ae8e0edca7c83,coingecko,crypto,2026-02-07 07:17:07.028,bitcoin,usd,1970-01-01T00:29:30.448625+00:00,67739.3066937697,0.9150317557598618
6986e9fccbe0d5edc11c8d37,coingecko,crypto,2026-02-07 07:30:04.791,bitcoin,usd,1970-01-01T00:29:30.449398+00:00,67905.32089360924,0.9172742981207835
6986ec46f034bb44a450be6c,coingecko,crypto,2026-02-07 07:39:50.072,bitcoin,usd,1970-01-01T00:29:30.449982+00:00,67886.55040684472,0.917020743835998
6986f2abed165caad0ca1943,coingecko,crypto,2026-02-07 08:07:07.754,bitcoin,usd,1970-01-01T00:29:30.451625+00:00,68176.59910982908,0.9209387611128425
6986f3a40c7f70dac5b33bbd,coingecko,crypto,2026-02-07 08:11:16.544,bitcoin,usd,1970-01-01T00:29:30.451865+00:00,67977.46597494019,0.9182488436787729
6986f842e870bca2bb29d9ed,coingecko,crypto,2026-02-07 08:30:58.018,bitcoin,usd,1970-01-01T00:29:30.451431218+00:00,68052.86603622913,0.9192673579481545
6986f842e870bca2bb29d9ee,coingecko,crypto,2026-02-07 08:30:58.018,bitcoin,usd,1970-01-01T00:29:30.453055+00:00,68397.52525478606,0.9239230614870273
698713499a886ea5c92a2346,coingecko,crypto,2026-02-07 10:26:17.515,bitcoin,usd,1970-01-01T00:29:30.454950609+00:00,68503.0750122388,0.9253488419473828
698713499a886ea5c92a2347,coingecko,crypto,2026-02-07 10:26:17.516,bitcoin,usd,1970-01-01T00:29:30.458417946+00:00,68042.75346202428,0.9191307559222178
698713499a886ea5c92a2348,coingecko,crypto,2026-02-07 10:26:17.516,bitcoin,usd,1970-01-01T00:29:30.459973+00:00,68041.39955864668,0.9191124672114943
6987143f31432274cbae8950,coingecko,crypto,2026-02-07 10:30:23.506,bitcoin,usd,1970-01-01T00:29:30.460213+00:00,67979.26115321885,0.9182730931907978
6987175badcc4cedb83b821f,coingecko,crypto,2026-02-07 10:43:39.129,bitcoin,usd,1970-01-01T00:29:30.461015+00:00,67739.77400151137,0.9150380682163101
69876f9e6ea3ff3909394dc3,coingecko,crypto,2026-02-07 17:00:14.231,bitcoin,usd,1970-01-01T00:29:30.462149277+00:00,67959.15338417077,0.9180014747152847
69876f9e6ea3ff3909394dc4,coingecko,crypto,2026-02-07 17:00:14.233,bitcoin,usd,1970-01-01T00:29:30.465789434+00:00,67902.78315971121,0.9172400180665918
69876f9e6ea3ff3909394dc5,coingecko,crypto,2026-02-07 17:00:14.235,bitcoin,usd,1970-01-01T00:29:30.469371796+00:00,68967.55007208827,0.9316230341448625
69876f9e6ea3ff3909394dc6,coingecko,crypto,2026-02-07 17:00:14.236,bitcoin,usd,1970-01-01T00:29:30.472965726+00:00,68966.60908394787,0.9316103231492487
69876f9e6ea3ff3909394dc7,coingecko,crypto,2026-02-07 17:00:14.238,bitcoin,usd,1970-01-01T00:29:30.476597965+00:00,68572.18589500991,0.9262824011390948
69876f9e6ea3ff3909394dc8,coingecko,crypto,2026-02-07 17:00:14.239,bitcoin,usd,1970-01-01T00:29:30.480237146+00:00,69097.79894772926,0.9333824536485533
69876f9e6ea3ff3909394dc9,coingecko,crypto,2026-02-07 17:00:14.240,bitcoin,usd,1970-01-01T00:29:30.483594+00:00,68949.64511943722,0.931381171612446
69878cf7b24a23ff17c016d9,coingecko,crypto,2026-02-07 19:05:27.986,bitcoin,usd,1970-01-01T00:29:30.483818965+00:00,68955.47179965663,0.9314598792002801
69878cf7b24a23ff17c016da,coingecko,crypto,2026-02-07 19:05:27.986,bitcoin,usd,1970-01-01T00:29:30.487205809+00:00,69077.46959337214,0.9331078419685881
69878cf7b24a23ff17c016db,coingecko,crypto,2026-02-07 19:05:27.987,bitcoin,usd,1970-01-01T00:29:30.491124+00:00,69388.57957286162,0.937310357829189
69878e743969323ad5ae23f7,coingecko,crypto,2026-02-07 19:11:48.064,bitcoin,usd,1970-01-01T00:29:30.491008511+00:00,69451.25303390273,0.9381569594537856
69878e743969323ad5ae23f8,coingecko,crypto,2026-02-07 19:11:48.065,bitcoin,usd,1970-01-01T00:29:30.491502+00:00,69332.7760934964,0.9365565568502109
698790675801f732d72f3629,coingecko,crypto,2026-02-07 19:20:07.140,bitcoin,usd,1970-01-01T00:29:30.491998+00:00,69330.305687829,0.9365231862749035
698790a1ade8e421ee7f90ef,coingecko,crypto,2026-02-07 19:21:05.328,bitcoin,usd,1970-01-01T00:29:30.492063+00:00,69330.90974619424,0.9365313459773498
698792cc52e3d265e03dec2d,coingecko,crypto,2026-02-07 19:30:20.145,bitcoin,usd,1970-01-01T00:29:30.492614+00:00,69416.14365785563,0.9376826972332812
698796302207b8455f9751ba,coingecko,crypto,2026-02-07 19:44:48.764,bitcoin,usd,1970-01-01T00:29:30.493474+00:00,69320.64406212207,0.9363926757225286
6987a06090a4309fa7ce6c41,coingecko,crypto,2026-02-07 20:28:16.352,bitcoin,usd,1970-01-01T00:29:30.494615304+00:00,69274.97522392707,0.9357757748530527
6987a06090a4309fa7ce6c42,coingecko,crypto,2026-02-07 20:28:16.352,bitcoin,usd,1970-01-01T00:29:30.496074+00:00,69376.15037418049,0.9371424625251626
6987a0dcd6f9797808ba96b6,coingecko,crypto,2026-02-07 20:30:20.805,bitcoin,usd,1970-01-01T00:29:30.496216+00:00,69408.53366374636,0.9375799003991978
6987af11d6f9797808ba981a,coingecko,crypto,2026-02-07 21:30:57.126,bitcoin,usd,1970-01-01T00:29:30.498188563+00:00,69580.38509403978,0.9399012928619538
6987af11d6f9797808ba981b,coingecko,crypto,2026-02-07 21:30:57.126,bitcoin,usd,1970-01-01T00:29:30.499847+00:00,69484.6871143952,0.9386085915543848
6987b145fe85256b790730de,coingecko,crypto,2026-02-07 21:40:21.943,bitcoin,usd,1970-01-01T00:29:30.500417+00:00,69549.03298258969,0.9394777842819702
6987b942ec7a28bbb0656e3e,coingecko,crypto,2026-02-07 22:14:26.289,bitcoin,usd,1970-01-01T00:29:30.501764692+00:00,69423.29165424411,0.9377792533393997
6987b942ec7a28bbb0656e3f,coingecko,crypto,2026-02-07 22:14:26.290,bitcoin,usd,1970-01-01T00:29:30.502455+00:00,69524.63061340843,0.9391481537645281
6987bd38d6f9797808ba997c,coingecko,crypto,2026-02-07 22:31:20.166,bitcoin,usd,1970-01-01T00:29:30.503477+00:00,69497.90275539696,0.9387871102280997
6987bf748e14b6c1ecb3c3c0,coingecko,crypto,2026-02-07 22:40:52.667,bitcoin,usd,1970-01-01T00:29:30.504048+00:00,69401.47632478627,0.9374845689059359
6987c205f3c0d1fdb35de0fe,coingecko,crypto,2026-02-07 22:51:49.039,bitcoin,usd,1970-01-01T00:29:30.504708+00:00,69378.25133594088,0.9371708426019928
6987c4c7c6b97fbd8769ac59,coingecko,crypto,2026-02-07 23:03:35.220,bitcoin,usd,1970-01-01T00:29:30.505412+00:00,69292.5008418497,0.936012513280433
6987c56ff6e83fcbb459e568,coingecko,crypto,2026-02-07 23:06:23.597,bitcoin,usd,1970-01-01T00:29:30.505574+00:00,69173.23094090632,0.934401399258217
6987c7abc978d27d3ed4051b,coingecko,crypto,2026-02-07 23:15:55.672,bitcoin,usd,1970-01-01T00:29:30.505404271+00:00,69375.53227931763,0.9371341132158002
6987c7abc978d27d3ed4051c,coingecko,crypto,2026-02-07 23:15:55.672,bitcoin,usd,1970-01-01T00:29:30.506153+00:00,69025.20266596413,0.9324018132138131
6987c92bafef768d271ddfd2,coingecko,crypto,2026-02-07 23:22:19.331,bitcoin,usd,1970-01-01T00:29:30.506538+00:00,68818.32657302656,0.9296073028507063
6987cb5fd6f9797808ba9a10,coingecko,crypto,2026-02-07 23:31:43.256,bitcoin,usd,1970-01-01T00:29:30.507097+00:00,69048.70525324551,0.9327192893551354
6987d9b1d6f9797808ba9c46,coingecko,crypto,2026-02-08 00:32:49.056,bitcoin,usd,1970-01-01T00:29:30.509035993+00:00,69271.22535548474,0.935725121120794
6987d9b1d6f9797808ba9c47,coingecko,crypto,2026-02-08 00:32:49.057,bitcoin,usd,1970-01-01T00:29:30.510757+00:00,68990.6039918518,0.9319344496244117
69881be1ac3ba81db90bb08d,coingecko,crypto,2026-02-08 05:15:13.650,bitcoin,usd,1970-01-01T00:29:30.512658719+00:00,69072.05134454952,0.9330346515275385
69881be1ac3ba81db90bb08e,coingecko,crypto,2026-02-08 05:15:13.652,bitcoin,usd,1970-01-01T00:29:30.516225664+00:00,69336.65222875704,0.9366089162118019
69881be1ac3ba81db90bb08f,coingecko,crypto,2026-02-08 05:15:13.653,bitcoin,usd,1970-01-01T00:29:30.519841815+00:00,69323.10055397708,0.9364258583481682
69881be1ac3ba81db90bb090,coingecko,crypto,2026-02-08 05:15:13.653,bitcoin,usd,1970-01-01T00:29:30.523282366+00:00,69072.73226451855,0.9330438494869687
69881be1ac3ba81db90bb091,coingecko,crypto,2026-02-08 05:15:13.654,bitcoin,usd,1970-01-01T00:29:30.526997519+00:00,69257.21228736998,0.9355358306933234
69881be1ac3ba81db90bb092,coingecko,crypto,2026-02-08 05:15:13.655,bitcoin,usd,1970-01-01T00:29:30.527706+00:00,69325.4830537925,0.9364580414792866
69881f91f594ab54e7475a85,coingecko,crypto,2026-02-08 05:30:57.386,bitcoin,usd,1970-01-01T00:29:30.528649+00:00,69212.29093856117,0.9349290270120065
698821aff3316e5c925d6de0,coingecko,crypto,2026-02-08 05:39:59.091,bitcoin,usd,1970-01-01T00:29:30.529192+00:00,69184.82316247883,0.9345579885617745
698821fd66a6a90f20729168,coingecko,crypto,2026-02-08 05:41:17.905,bitcoin,usd,1970-01-01T00:29:30.529267+00:00,69195.93119799129,0.9347080374142667
6988235aa483768189da7f51,coingecko,crypto,2026-02-08 05:47:06.937,bitcoin,usd,1970-01-01T00:29:30.529622+00:00,69134.45500940699,0.9338776087086404
69882a354d35f7e07d6049ef,coingecko,crypto,2026-02-08 06:16:21.393,bitcoin,usd,1970-01-01T00:29:30.531376+00:00,69276.37316274992,0.9357946584005519
69882ae7ac3ba81db90bb20a,coingecko,crypto,2026-02-08 06:19:19.108,bitcoin,usd,1970-01-01T00:29:30.530469891+00:00,69176.62975267286,0.9344473108692155
69882ae7ac3ba81db90bb20b,coingecko,crypto,2026-02-08 06:19:19.109,bitcoin,usd,1970-01-01T00:29:30.531557+00:00,69322.64117545803,0.936419653000736
698841733f98eda61f36a9d8,coingecko,crypto,2026-02-08 07:55:31.040,bitcoin,usd,1970-01-01T00:29:30.534168358+00:00,69275.2644342355,0.935779681545182
698841733f98eda61f36a9d9,coingecko,crypto,2026-02-08 07:55:31.040,bitcoin,usd,1970-01-01T00:29:30.537329+00:00,69542.21918198683,0.9393857425379172
698842676396656e646baafd,coingecko,crypto,2026-02-08 07:59:35.046,bitcoin,usd,1970-01-01T00:29:30.537569+00:00,69630.07881346234,0.940572562373746
698843ee4886efa075760912,coingecko,crypto,2026-02-08 08:06:06.058,bitcoin,usd,1970-01-01T00:29:30.537966+00:00,69736.01976610246,0.9420036271518281
6988454e5708599d7847ded1,coingecko,crypto,2026-02-08 08:11:58.864,bitcoin,usd,1970-01-01T00:29:30.538315+00:00,69595.74927895474,0.940108834358682
698848e9f833c19af3235693,coingecko,crypto,2026-02-08 08:27:21.565,bitcoin,usd,1970-01-01T00:29:30.539224+00:00,69972.0018210498,0.945191304803187
698849d133f15a5559beaf23,coingecko,crypto,2026-02-08 08:31:13.050,bitcoin,usd,1970-01-01T00:29:30.537671585+00:00,69634.77873342592,0.9406360495309978
698849d133f15a5559beaf24,coingecko,crypto,2026-02-08 08:31:13.051,bitcoin,usd,1970-01-01T00:29:30.539464+00:00,70142.6031090998,0.9474958101747138
69884e14040e828d4f069597,coingecko,crypto,2026-02-08 08:49:24.307,bitcoin,usd,1970-01-01T00:29:30.540560+00:00,70410.32466174262,0.9511122292720774
6988531809fb3a0cf3cb5067,coingecko,crypto,2026-02-08 09:10:48.457,bitcoin,usd,1970-01-01T00:29:30.541840+00:00,70525.60708265353,0.9526694798724007
69885d7833f15a5559beb175,coingecko,crypto,2026-02-08 09:55:04.766,bitcoin,usd,1970-01-01T00:29:30.541381896+00:00,70616.33319903756,0.9538950205757245
69885d7833f15a5559beb176,coingecko,crypto,2026-02-08 09:55:04.767,bitcoin,usd,1970-01-01T00:29:30.544491+00:00,70108.70617936735,0.9470379258437127
6988c0be379612aefbdf5fff,coingecko,crypto,2026-02-08 16:58:38.309,bitcoin,usd,1970-01-01T00:29:30.544949418+00:00,70149.49319420684,0.9475888823802108
6988c0be379612aefbdf6000,coingecko,crypto,2026-02-08 16:58:38.312,bitcoin,usd,1970-01-01T00:29:30.548642408+00:00,70192.55967196338,0.9481706302114088
6988c0be379612aefbdf6001,coingecko,crypto,2026-02-08 16:58:38.315,bitcoin,usd,1970-01-01T00:29:30.552261666+00:00,70948.55961551555,0.9583827801353839
6988c0be379612aefbdf6002,coingecko,crypto,2026-02-08 16:58:38.317,bitcoin,usd,1970-01-01T00:29:30.555867898+00:00,71178.215488825,0.9614850028659013
6988c0be379612aefbdf6003,coingecko,crypto,2026-02-08 16:58:38.320,bitcoin,usd,1970-01-01T00:29:30.559445266+00:00,71450.09750719942,0.965157622099478
6988c0be379612aefbdf6004,coingecko,crypto,2026-02-08 16:58:38.324,bitcoin,usd,1970-01-01T00:29:30.563015083+00:00,71185.43635252847,0.9615825432736083
6988c0be379612aefbdf6005,coingecko,crypto,2026-02-08 16:58:38.327,bitcoin,usd,1970-01-01T00:29:30.566650149+00:00,71093.28992022508,0.9603378167499261
6988c0be379612aefbdf6006,coingecko,crypto,2026-02-08 16:58:38.332,bitcoin,usd,1970-01-01T00:29:30.569911+00:00,70393.53141661371,0.9508853838358717
6988c229e1ddf54a10fb5049,coingecko,crypto,2026-02-08 17:04:41.634,bitcoin,usd,1970-01-01T00:29:30.570271+00:00,70537.08382589293,0.9528245092789493
6988c87523dde3030b746144,coingecko,crypto,2026-02-08 17:31:33.908,bitcoin,usd,1970-01-01T00:29:30.570234244+00:00,70382.8443423587,0.950741021385224
6988c87523dde3030b746145,coingecko,crypto,2026-02-08 17:31:33.909,bitcoin,usd,1970-01-01T00:29:30.571882+00:00,70587.56738186648,0.9535064480101547
6988c986d5c2a5e6794fd30a,coingecko,crypto,2026-02-08 17:36:06.828,bitcoin,usd,1970-01-01T00:29:30.572161+00:00,70664.34493987405,0.954543569692315
6988cb9addee7a369523d079,coingecko,crypto,2026-02-08 17:44:58.135,bitcoin,usd,1970-01-01T00:29:30.572693+00:00,70749.73413335242,0.9556970185161221
6989dce27090f0dfeb948fdd,coingecko,crypto,2026-02-09 13:10:58.400,bitcoin,usd,1970-01-01T00:29:30.573844287+00:00,70734.71298641211,0.9554941108229499
6989dce27090f0dfeb948fde,coingecko,crypto,2026-02-09 13:10:58.401,bitcoin,usd,1970-01-01T00:29:30.577440230+00:00,71115.10260731545,0.9606324654899312
6989dce27090f0dfeb948fdf,coingecko,crypto,2026-02-09 13:10:58.403,bitcoin,usd,1970-01-01T00:29:30.581039582+00:00,71364.02621667292,0.9639949594160965
6989dce27090f0dfeb948fe0,coingecko,crypto,2026-02-09 13:10:58.405,bitcoin,usd,1970-01-01T00:29:30.584415342+00:00,70744.26363456192,0.9556231222754095
6989dce27090f0dfeb948fe1,coingecko,crypto,2026-02-09 13:10:58.406,bitcoin,usd,1970-01-01T00:29:30.588224885+00:00,70676.40743565756,0.9547065115237915
6989dce27090f0dfeb948fe2,coingecko,crypto,2026-02-09 13:10:58.407,bitcoin,usd,1970-01-01T00:29:30.591793326+00:00,71010.30811854756,0.9592168873015577
6989dce27090f0dfeb948fe3,coingecko,crypto,2026-02-09 13:10:58.409,bitcoin,usd,1970-01-01T00:29:30.595437580+00:00,70288.14411281867,0.9494617978215903
6989dce27090f0dfeb948fe4,coingecko,crypto,2026-02-09 13:10:58.411,bitcoin,usd,1970-01-01T00:29:30.599050666+00:00,70459.16182303062,0.9517719282802427
6989dce27090f0dfeb948fe5,coingecko,crypto,2026-02-09 13:10:58.414,bitcoin,usd,1970-01-01T00:29:30.602544784+00:00,70331.36328987485,0.9500456083356688
6989dce27090f0dfeb948fe6,coingecko,crypto,2026-02-09 13:10:58.416,bitcoin,usd,1970-01-01T00:29:30.606161743+00:00,70569.9975377267,0.9532691121690258
6989dce27090f0dfeb948fe7,coingecko,crypto,2026-02-09 13:10:58.418,bitcoin,usd,1970-01-01T00:29:30.609818368+00:00,71229.73530963564,0.9621809396032805
6989dce27090f0dfeb948fe8,coingecko,crypto,2026-02-09 13:10:58.418,bitcoin,usd,1970-01-01T00:29:30.613390803+00:00,70964.73659393784,0.9586013009572096
6989dce27090f0dfeb948fe9,coingecko,crypto,2026-02-09 13:10:58.421,bitcoin,usd,1970-01-01T00:29:30.617070965+00:00,70917.7140775821,0.9579661144192703
6989dce27090f0dfeb948fea,coingecko,crypto,2026-02-09 13:10:58.422,bitcoin,usd,1970-01-01T00:29:30.620577857+00:00,70599.48065506382,0.9536673741226684
6989dce27090f0dfeb948feb,coingecko,crypto,2026-02-09 13:10:58.424,bitcoin,usd,1970-01-01T00:29:30.624214806+00:00,70373.24121786421,0.9506113010751727
6989dce27090f0dfeb948fec,coingecko,crypto,2026-02-09 13:10:58.425,bitcoin,usd,1970-01-01T00:29:30.627915874+00:00,69837.07732988766,0.9433687264499537
6989dce27090f0dfeb948fed,coingecko,crypto,2026-02-09 13:10:58.427,bitcoin,usd,1970-01-01T00:29:30.631464242+00:00,69550.37698573632,0.939495939259029
6989dce27090f0dfeb948fee,coingecko,crypto,2026-02-09 13:10:58.430,bitcoin,usd,1970-01-01T00:29:30.634990367+00:00,68682.80182170549,0.9277766161017137
6989dce27090f0dfeb948fef,coingecko,crypto,2026-02-09 13:10:58.432,bitcoin,usd,1970-01-01T00:29:30.638648041+00:00,68832.02582910914,0.9297923542626217
6989dce27090f0dfeb948ff0,coingecko,crypto,2026-02-09 13:10:58.434,bitcoin,usd,1970-01-01T00:29:30.642178390+00:00,69082.02289196198,0.9331693485444083
6989dce27090f0dfeb948ff1,coingecko,crypto,2026-02-09 13:10:58.436,bitcoin,usd,1970-01-01T00:29:30.642655+00:00,69018.41120250298,0.9323100732029044
6989ed18965a6a7ada102207,coingecko,crypto,2026-02-09 14:20:08.865,bitcoin,usd,1970-01-01T00:29:30.645818510+00:00,68592.05509846479,0.9265507970381708
6989ed18965a6a7ada102208,coingecko,crypto,2026-02-09 14:20:08.865,bitcoin,usd,1970-01-01T00:29:30.646800+00:00,68455.68572756209,0.924708701053146
6989f2b248dc8b6da506d069,coingecko,crypto,2026-02-09 14:44:02.655,bitcoin,usd,1970-01-01T00:29:30.648241+00:00,69397.97404205744,0.9374372595951244
6989f4479c9acb53fdd8caea,coingecko,crypto,2026-02-09 14:50:47.922,bitcoin,usd,1970-01-01T00:29:30.648643+00:00,69259.8930428841,0.9355720427029315
6989f58fe1e7144549c0bad4,coingecko,crypto,2026-02-09 14:56:15.999,bitcoin,usd,1970-01-01T00:29:30.648972+00:00,69292.85291096741,0.9360172690778962
6989fb75965a6a7ada1023af,coingecko,crypto,2026-02-09 15:21:25.691,bitcoin,usd,1970-01-01T00:29:30.649437354+00:00,69277.24182643309,0.9358063924275736
6989fb75965a6a7ada1023b0,coingecko,crypto,2026-02-09 15:21:25.691,bitcoin,usd,1970-01-01T00:29:30.650482+00:00,69320.85070863298,0.9363954671316664
6989fd38b5061cd9d261e1ab,coingecko,crypto,2026-02-09 15:28:56.457,bitcoin,usd,1970-01-01T00:29:30.650935+00:00,68871.28609919305,0.9303226873235857
6989fe2fed1b4e22efab78b7,coingecko,crypto,2026-02-09 15:33:03.283,bitcoin,usd,1970-01-01T00:29:30.651180+00:00,68995.60153407158,0.932001957103526
6989ff61c46ca4ffb9ee4834,coingecko,crypto,2026-02-09 15:38:09.894,bitcoin,usd,1970-01-01T00:29:30.220907736+00:00,74029.4599257023,1.0
6989ff61c46ca4ffb9ee4835,coingecko,crypto,2026-02-09 15:38:09.897,bitcoin,usd,1970-01-01T00:29:30.224508467+00:00,73499.66630570027,0.9928434758198461
6989ff61c46ca4ffb9ee4836,coingecko,crypto,2026-02-09 15:38:09.897,bitcoin,usd,1970-01-01T00:29:30.228094709+00:00,72395.80326935869,0.977932343988688
6989ff61c46ca4ffb9ee4837,coingecko,crypto,2026-02-09 15:38:09.898,bitcoin,usd,1970-01-01T00:29:30.231694175+00:00,73462.80817356521,0.9923455911645743
6989ff61c46ca4ffb9ee4838,coingecko,crypto,2026-02-09 15:38:09.898,bitcoin,usd,1970-01-01T00:29:30.235342286+00:00,73639.68907933564,0.9947349224652209
6989ff61c46ca4ffb9ee4839,coingecko,crypto,2026-02-09 15:38:09.899,bitcoin,usd,1970-01-01T00:29:30.238906111+00:00,73384.77194810667,0.9912914672315232
6989ff61c46ca4ffb9ee483a,coingecko,crypto,2026-02-09 15:38:09.899,bitcoin,usd,1970-01-01T00:29:30.242473653+00:00,72629.98658000518,0.98109572395771
6989ff61c46ca4ffb9ee483b,coingecko,crypto,2026-02-09 15:38:09.901,bitcoin,usd,1970-01-01T00:29:30.246095860+00:00,72402.78419025433,0.9780266432163556
6989ff61c46ca4ffb9ee483c,coingecko,crypto,2026-02-09 15:38:09.901,bitcoin,usd,1970-01-01T00:29:30.249694865+00:00,73023.41451718884,0.9864102019719833
6989ff61c46ca4ffb9ee483d,coingecko,crypto,2026-02-09 15:38:09.902,bitcoin,usd,1970-01-01T00:29:30.253310545+00:00,72713.21620135968,0.9822200009879362
6989ff61c46ca4ffb9ee483e,coingecko,crypto,2026-02-09 15:38:09.902,bitcoin,usd,1970-01-01T00:29:30.256877906+00:00,72289.92013373689,0.9765020602107425
6989ff61c46ca4ffb9ee483f,coingecko,crypto,2026-02-09 15:38:09.903,bitcoin,usd,1970-01-01T00:29:30.260585124+00:00,71337.22160323666,0.9636328790569643
6989ff61c46ca4ffb9ee4840,coingecko,crypto,2026-02-09 15:38:09.904,bitcoin,usd,1970-01-01T00:29:30.264201193+00:00,71128.6956649189,0.9608160823583656
6989ff61c46ca4ffb9ee4841,coingecko,crypto,2026-02-09 15:38:09.904,bitcoin,usd,1970-01-01T00:29:30.267814483+00:00,70762.539039752,0.955869988931041
6989ff61c46ca4ffb9ee4842,coingecko,crypto,2026-02-09 15:38:09.905,bitcoin,usd,1970-01-01T00:29:30.271365683+00:00,70587.38360589635,0.9535039655393881
6989ff61c46ca4ffb9ee4843,coingecko,crypto,2026-02-09 15:38:09.906,bitcoin,usd,1970-01-01T00:29:30.274878770+00:00,70800.17054471826,0.9563783204115629
6989ff61c46ca4ffb9ee4844,coingecko,crypto,2026-02-09 15:38:09.906,bitcoin,usd,1970-01-01T00:29:30.278447621+00:00,70541.27315680737,0.9528810993299728
6989ff61c46ca4ffb9ee4845,coingecko,crypto,2026-02-09 15:38:09.907,bitcoin,usd,1970-01-01T00:29:30.282132543+00:00,71011.65125538754,0.9592350305764287
6989ff61c46ca4ffb9ee4846,coingecko,crypto,2026-02-09 15:38:09.907,bitcoin,usd,1970-01-01T00:29:30.285714791+00:00,71426.18011366547,0.9648345426989534
6989ff61c46ca4ffb9ee4847,coingecko,crypto,2026-02-09 15:38:09.909,bitcoin,usd,1970-01-01T00:29:30.289334107+00:00,70712.55259981466,0.9551947653107755
6989ff61c46ca4ffb9ee4848,coingecko,crypto,2026-02-09 15:38:09.909,bitcoin,usd,1970-01-01T00:29:30.293034009+00:00,70198.49300968244,0.9482507785432354
6989ff61c46ca4ffb9ee4849,coingecko,crypto,2026-02-09 15:38:09.910,bitcoin,usd,1970-01-01T00:29:30.296584086+00:00,69436.27296654794,0.9379546066692344
6989ff61c46ca4ffb9ee484a,coingecko,crypto,2026-02-09 15:38:09.910,bitcoin,usd,1970-01-01T00:29:30.300176542+00:00,69608.72096630982,0.9402840576734015
6989ff61c46ca4ffb9ee484b,coingecko,crypto,2026-02-09 15:38:09.911,bitcoin,usd,1970-01-01T00:29:30.303771227+00:00,69359.6011297701,0.9369189130838051
6989ff61c46ca4ffb9ee484c,coingecko,crypto,2026-02-09 15:38:09.912,bitcoin,usd,1970-01-01T00:29:30.307367386+00:00,67375.62427275744,0.9101190842183261
6989ff61c46ca4ffb9ee484d,coingecko,crypto,2026-02-09 15:38:09.912,bitcoin,usd,1970-01-01T00:29:30.310907488+00:00,68153.73192299498,0.9206298680470676
6989ff61c46ca4ffb9ee484e,coingecko,crypto,2026-02-09 15:38:09.913,bitcoin,usd,1970-01-01T00:29:30.314587444+00:00,66086.43132742122,0.892704490803352
6989ff61c46ca4ffb9ee484f,coingecko,crypto,2026-02-09 15:38:09.914,bitcoin,usd,1970-01-01T00:29:30.318158071+00:00,66223.31451175398,0.8945535274499808
6989ff61c46ca4ffb9ee4850,coingecko,crypto,2026-02-09 15:38:09.914,bitcoin,usd,1970-01-01T00:29:30.321786580+00:00,65141.50387868692,0.8799402824776037
6989ff61c46ca4ffb9ee4851,coingecko,crypto,2026-02-09 15:38:09.915,bitcoin,usd,1970-01-01T00:29:30.325432325+00:00,63880.77153870422,0.8629101387855114
6989ff61c46ca4ffb9ee4852,coingecko,crypto,2026-02-09 15:38:09.915,bitcoin,usd,1970-01-01T00:29:30.328994760+00:00,63151.480794216,0.8530587803503674
6989ff61c46ca4ffb9ee4853,coingecko,crypto,2026-02-09 15:38:09.916,bitcoin,usd,1970-01-01T00:29:30.332589772+00:00,63819.50494183307,0.862082541273215
6989ff61c46ca4ffb9ee4854,coingecko,crypto,2026-02-09 15:38:09.917,bitcoin,usd,1970-01-01T00:29:30.336185158+00:00,62822.26414504872,0.8486116771363539
6989ff61c46ca4ffb9ee4855,coingecko,crypto,2026-02-09 15:38:09.917,bitcoin,usd,1970-01-01T00:29:30.339766464+00:00,63474.177236593816,0.8574178077254379
6989ff61c46ca4ffb9ee4856,coingecko,crypto,2026-02-09 15:38:09.919,bitcoin,usd,1970-01-01T00:29:30.343352077+00:00,65564.69260917806,0.8856567733302435
6989ff61c46ca4ffb9ee4857,coingecko,crypto,2026-02-09 15:38:09.919,bitcoin,usd,1970-01-01T00:29:30.346828120+00:00,64816.18565684104,0.8755458397493658
6989ff61c46ca4ffb9ee4858,coingecko,crypto,2026-02-09 15:38:09.920,bitcoin,usd,1970-01-01T00:29:30.350595073+00:00,64091.22967946813,0.8657530359372012
6989ff61c46ca4ffb9ee4859,coingecko,crypto,2026-02-09 15:38:09.920,bitcoin,usd,1970-01-01T00:29:30.354169928+00:00,64822.456067695086,0.8756305413108839
6989ff61c46ca4ffb9ee485a,coingecko,crypto,2026-02-09 15:38:09.921,bitcoin,usd,1970-01-01T00:29:30.357800975+00:00,66360.16683425578,0.8964021472108051
6989ff61c46ca4ffb9ee485b,coingecko,crypto,2026-02-09 15:38:09.922,bitcoin,usd,1970-01-01T00:29:30.361411020+00:00,64760.099244767305,0.8747882168769306
6989ff61c46ca4ffb9ee485c,coingecko,crypto,2026-02-09 15:38:09.923,bitcoin,usd,1970-01-01T00:29:30.365010609+00:00,64762.31745067788,0.8748181807036667
6989ff61c46ca4ffb9ee485d,coingecko,crypto,2026-02-09 15:38:09.923,bitcoin,usd,1970-01-01T00:29:30.368557087+00:00,64812.45812521936,0.8754954877459146
6989ff61c46ca4ffb9ee485e,coingecko,crypto,2026-02-09 15:38:09.924,bitcoin,usd,1970-01-01T00:29:30.372070528+00:00,65743.1389952177,0.8880672513510035
6989ff61c46ca4ffb9ee485f,coingecko,crypto,2026-02-09 15:38:09.925,bitcoin,usd,1970-01-01T00:29:30.375791873+00:00,65852.64638550671,0.8895464920532715
6989ff61c46ca4ffb9ee4860,coingecko,crypto,2026-02-09 15:38:09.925,bitcoin,usd,1970-01-01T00:29:30.379414016+00:00,66468.2306680357,0.8978618881556718
6989ff61c46ca4ffb9ee4861,coingecko,crypto,2026-02-09 15:38:09.927,bitcoin,usd,1970-01-01T00:29:30.383009986+00:00,66475.34350850893,0.8979579693709119
6989ff61c46ca4ffb9ee4862,coingecko,crypto,2026-02-09 15:38:09.927,bitcoin,usd,1970-01-01T00:29:30.386606188+00:00,67249.23666728205,0.9084118232765033
6989ff61c46ca4ffb9ee4863,coingecko,crypto,2026-02-09 15:38:09.927,bitcoin,usd,1970-01-01T00:29:30.390191417+00:00,68114.36357083579,0.9200980749987501
6989ff61c46ca4ffb9ee4864,coingecko,crypto,2026-02-09 15:38:09.928,bitcoin,usd,1970-01-01T00:29:30.393815201+00:00,68582.16605772382,0.9264172145326266
6989ff61c46ca4ffb9ee4865,coingecko,crypto,2026-02-09 15:38:09.929,bitcoin,usd,1970-01-01T00:29:30.397391194+00:00,69871.99988930697,0.9438404651260749
6989ff61c46ca4ffb9ee4866,coingecko,crypto,2026-02-09 15:38:09.929,bitcoin,usd,1970-01-01T00:29:30.400953543+00:00,70772.61875586561,0.9560061471054182
6989ff61c46ca4ffb9ee4867,coingecko,crypto,2026-02-09 15:38:09.930,bitcoin,usd,1970-01-01T00:29:30.404532385+00:00,69753.80678459951,0.9422438966136735
6989ff61c46ca4ffb9ee4868,coingecko,crypto,2026-02-09 15:38:09.931,bitcoin,usd,1970-01-01T00:29:30.408165035+00:00,70670.2604369606,0.9546234770304542
6989ff61c46ca4ffb9ee4869,coingecko,crypto,2026-02-09 15:38:09.931,bitcoin,usd,1970-01-01T00:29:30.411794009+00:00,69990.28130807572,0.9454382265968118
6989ff61c46ca4ffb9ee486a,coingecko,crypto,2026-02-09 15:38:09.932,bitcoin,usd,1970-01-01T00:29:30.415413268+00:00,70289.43455211335,0.9494792292508615
6989ff61c46ca4ffb9ee486b,coingecko,crypto,2026-02-09 15:38:09.933,bitcoin,usd,1970-01-01T00:29:30.418943560+00:00,71297.63519930553,0.9630981405356936
6989ff61c46ca4ffb9ee486c,coingecko,crypto,2026-02-09 15:38:09.933,bitcoin,usd,1970-01-01T00:29:30.422513674+00:00,70545.5121611041,0.9529383603757914
6989ff61c46ca4ffb9ee486d,coingecko,crypto,2026-02-09 15:38:09.934,bitcoin,usd,1970-01-01T00:29:30.426180531+00:00,69924.37333126029,0.9445479326937956
6989ff61c46ca4ffb9ee486e,coingecko,crypto,2026-02-09 15:38:09.934,bitcoin,usd,1970-01-01T00:29:30.429748253+00:00,70471.75839223956,0.9519420844480924
6989ff61c46ca4ffb9ee486f,coingecko,crypto,2026-02-09 15:38:09.935,bitcoin,usd,1970-01-01T00:29:30.433383055+00:00,70323.87573035707,0.9499444653646774
6989ff61c46ca4ffb9ee4870,coingecko,crypto,2026-02-09 15:38:09.935,bitcoin,usd,1970-01-01T00:29:30.436854461+00:00,70793.24406711856,0.9562847566113318
6989ff61c46ca4ffb9ee4871,coingecko,crypto,2026-02-09 15:38:09.937,bitcoin,usd,1970-01-01T00:29:30.440660268+00:00,70717.02791109454,0.9552552184234198
6989ff61c46ca4ffb9ee4872,coingecko,crypto,2026-02-09 15:38:09.938,bitcoin,usd,1970-01-01T00:29:30.444243769+00:00,70109.21450925693,0.947044792432907
6989ff61c46ca4ffb9ee4873,coingecko,crypto,2026-02-09 15:38:09.938,bitcoin,usd,1970-01-01T00:29:30.447669434+00:00,68878.39427353993,0.9304187055081573
6989ff61c46ca4ffb9ee4874,coingecko,crypto,2026-02-09 15:38:09.939,bitcoin,usd,1970-01-01T00:29:30.451431218+00:00,68052.86603622913,0.9192673579481545
6989ff61c46ca4ffb9ee4875,coingecko,crypto,2026-02-09 15:38:09.940,bitcoin,usd,1970-01-01T00:29:30.454950609+00:00,68503.0750122388,0.9253488419473828
6989ff61c46ca4ffb9ee4876,coingecko,crypto,2026-02-09 15:38:09.940,bitcoin,usd,1970-01-01T00:29:30.458417946+00:00,68042.75346202428,0.9191307559222178
6989ff61c46ca4ffb9ee4877,coingecko,crypto,2026-02-09 15:38:09.941,bitcoin,usd,1970-01-01T00:29:30.462149277+00:00,67959.15338417077,0.9180014747152847
6989ff61c46ca4ffb9ee4878,coingecko,crypto,2026-02-09 15:38:09.942,bitcoin,usd,1970-01-01T00:29:30.465789434+00:00,67902.78315971121,0.9172400180665918
6989ff61c46ca4ffb9ee4879,coingecko,crypto,2026-02-09 15:38:09.942,bitcoin,usd,1970-01-01T00:29:30.469371796+00:00,68967.55007208827,0.9316230341448625
6989ff61c46ca4ffb9ee487a,coingecko,crypto,2026-02-09 15:38:09.943,bitcoin,usd,1970-01-01T00:29:30.472965726+00:00,68966.60908394787,0.9316103231492487
6989ff61c46ca4ffb9ee487b,coingecko,crypto,2026-02-09 15:38:09.944,bitcoin,usd,1970-01-01T00:29:30.476597965+00:00,68572.18589500991,0.9262824011390948
6989ff61c46ca4ffb9ee487c,coingecko,crypto,2026-02-09 15:38:09.944,bitcoin,usd,1970-01-01T00:29:30.480237146+00:00,69097.79894772926,0.9333824536485533
6989ff61c46ca4ffb9ee487d,coingecko,crypto,2026-02-09 15:38:09.945,bitcoin,usd,1970-01-01T00:29:30.483818965+00:00,68955.47179965663,0.9314598792002801
6989ff61c46ca4ffb9ee487e,coingecko,crypto,2026-02-09 15:38:09.945,bitcoin,usd,1970-01-01T00:29:30.487205809+00:00,69077.46959337214,0.9331078419685881
6989ff61c46ca4ffb9ee487f,coingecko,crypto,2026-02-09 15:38:09.947,bitcoin,usd,1970-01-01T00:29:30.491008511+00:00,69451.25303390273,0.9381569594537856
6989ff61c46ca4ffb9ee4880,coingecko,crypto,2026-02-09 15:38:09.948,bitcoin,usd,1970-01-01T00:29:30.494615304+00:00,69274.97522392707,0.9357757748530527
6989ff61c46ca4ffb9ee4881,coingecko,crypto,2026-02-09 15:38:09.949,bitcoin,usd,1970-01-01T00:29:30.498188563+00:00,69580.38509403978,0.9399012928619538
6989ff61c46ca4ffb9ee4882,coingecko,crypto,2026-02-09 15:38:09.951,bitcoin,usd,1970-01-01T00:29:30.501764692+00:00,69423.29165424411,0.9377792533393997
6989ff61c46ca4ffb9ee4883,coingecko,crypto,2026-02-09 15:38:09.952,bitcoin,usd,1970-01-01T00:29:30.505404271+00:00,69375.53227931763,0.9371341132158002
6989ff61c46ca4ffb9ee4884,coingecko,crypto,2026-02-09 15:38:09.952,bitcoin,usd,1970-01-01T00:29:30.509035993+00:00,69271.22535548474,0.935725121120794
6989ff61c46ca4ffb9ee4885,coingecko,crypto,2026-02-09 15:38:09.952,bitcoin,usd,1970-01-01T00:29:30.512658719+00:00,69072.05134454952,0.9330346515275385
6989ff61c46ca4ffb9ee4886,coingecko,crypto,2026-02-09 15:38:09.953,bitcoin,usd,1970-01-01T00:29:30.516225664+00:00,69336.65222875704,0.9366089162118019
6989ff61c46ca4ffb9ee4887,coingecko,crypto,2026-02-09 15:38:09.954,bitcoin,usd,1970-01-01T00:29:30.519841815+00:00,69323.10055397708,0.9364258583481682
6989ff61c46ca4ffb9ee4888,coingecko,crypto,2026-02-09 15:38:09.954,bitcoin,usd,1970-01-01T00:29:30.523282366+00:00,69072.73226451855,0.9330438494869687
6989ff61c46ca4ffb9ee4889,coingecko,crypto,2026-02-09 15:38:09.955,bitcoin,usd,1970-01-01T00:29:30.526997519+00:00,69257.21228736998,0.9355358306933234
6989ff61c46ca4ffb9ee488a,coingecko,crypto,2026-02-09 15:38:09.957,bitcoin,usd,1970-01-01T00:29:30.530469891+00:00,69176.62975267286,0.9344473108692155
6989ff61c46ca4ffb9ee488b,coingecko,crypto,2026-02-09 15:38:09.957,bitcoin,usd,1970-01-01T00:29:30.534168358+00:00,69275.2644342355,0.935779681545182
6989ff61c46ca4ffb9ee488c,coingecko,crypto,2026-02-09 15:38:09.957,bitcoin,usd,1970-01-01T00:29:30.537671585+00:00,69634.77873342592,0.9406360495309978
6989ff61c46ca4ffb9ee488d,coingecko,crypto,2026-02-09 15:38:09.958,bitcoin,usd,1970-01-01T00:29:30.541381896+00:00,70616.33319903756,0.9538950205757245
6989ff61c46ca4ffb9ee488e,coingecko,crypto,2026-02-09 15:38:09.959,bitcoin,usd,1970-01-01T00:29:30.544949418+00:00,70149.49319420684,0.9475888823802108
6989ff61c46ca4ffb9ee488f,coingecko,crypto,2026-02-09 15:38:09.959,bitcoin,usd,1970-01-01T00:29:30.548642408+00:00,70192.55967196338,0.9481706302114088
6989ff61c46ca4ffb9ee4890,coingecko,crypto,2026-02-09 15:38:09.960,bitcoin,usd,1970-01-01T00:29:30.552261666+00:00,70948.55961551555,0.9583827801353839
6989ff61c46ca4ffb9ee4891,coingecko,crypto,2026-02-09 15:38:09.961,bitcoin,usd,1970-01-01T00:29:30.555867898+00:00,71178.215488825,0.9614850028659013
6989ff61c46ca4ffb9ee4892,coingecko,crypto,2026-02-09 15:38:09.962,bitcoin,usd,1970-01-01T00:29:30.559445266+00:00,71450.09750719942,0.965157622099478
6989ff61c46ca4ffb9ee4893,coingecko,crypto,2026-02-09 15:38:09.964,bitcoin,usd,1970-01-01T00:29:30.563015083+00:00,71185.43635252847,0.9615825432736083
6989ff61c46ca4ffb9ee4894,coingecko,crypto,2026-02-09 15:38:09.964,bitcoin,usd,1970-01-01T00:29:30.566650149+00:00,71093.28992022508,0.9603378167499261
6989ff61c46ca4ffb9ee4895,coingecko,crypto,2026-02-09 15:38:09.965,bitcoin,usd,1970-01-01T00:29:30.570234244+00:00,70382.8443423587,0.950741021385224
6989ff61c46ca4ffb9ee4896,coingecko,crypto,2026-02-09 15:38:09.966,bitcoin,usd,1970-01-01T00:29:30.573844287+00:00,70734.71298641211,0.9554941108229499
6989ff61c46ca4ffb9ee4897,coingecko,crypto,2026-02-09 15:38:09.966,bitcoin,usd,1970-01-01T00:29:30.577440230+00:00,71115.10260731545,0.9606324654899312
6989ff61c46ca4ffb9ee4898,coingecko,crypto,2026-02-09 15:38:09.967,bitcoin,usd,1970-01-01T00:29:30.581039582+00:00,71364.02621667292,0.9639949594160965
6989ff61c46ca4ffb9ee4899,coingecko,crypto,2026-02-09 15:38:09.968,bitcoin,usd,1970-01-01T00:29:30.584415342+00:00,70744.26363456192,0.9556231222754095
6989ff61c46ca4ffb9ee489a,coingecko,crypto,2026-02-09 15:38:09.968,bitcoin,usd,1970-01-01T00:29:30.588224885+00:00,70676.40743565756,0.9547065115237915
6989ff61c46ca4ffb9ee489b,coingecko,crypto,2026-02-09 15:38:09.969,bitcoin,usd,1970-01-01T00:29:30.591793326+00:00,71010.30811854756,0.9592168873015577
6989ff61c46ca4ffb9ee489c,coingecko,crypto,2026-02-09 15:38:09.970,bitcoin,usd,1970-01-01T00:29:30.595437580+00:00,70288.14411281867,0.9494617978215903
6989ff61c46ca4ffb9ee489d,coingecko,crypto,2026-02-09 15:38:09.971,bitcoin,usd,1970-01-01T00:29:30.599050666+00:00,70459.16182303062,0.9517719282802427
6989ff61c46ca4ffb9ee489e,coingecko,crypto,2026-02-09 15:38:09.971,bitcoin,usd,1970-01-01T00:29:30.602544784+00:00,70331.36328987485,0.9500456083356688
6989ff61c46ca4ffb9ee489f,coingecko,crypto,2026-02-09 15:38:09.972,bitcoin,usd,1970-01-01T00:29:30.606161743+00:00,70569.9975377267,0.9532691121690258
6989ff61c46ca4ffb9ee48a0,coingecko,crypto,2026-02-09 15:38:09.973,bitcoin,usd,1970-01-01T00:29:30.609818368+00:00,71229.73530963564,0.9621809396032805
6989ff61c46ca4ffb9ee48a1,coingecko,crypto,2026-02-09 15:38:09.973,bitcoin,usd,1970-01-01T00:29:30.613390803+00:00,70964.73659393784,0.9586013009572096
6989ff61c46ca4ffb9ee48a2,coingecko,crypto,2026-02-09 15:38:09.974,bitcoin,usd,1970-01-01T00:29:30.617070965+00:00,70917.7140775821,0.9579661144192703
6989ff61c46ca4ffb9ee48a3,coingecko,crypto,2026-02-09 15:38:09.975,bitcoin,usd,1970-01-01T00:29:30.620577857+00:00,70599.48065506382,0.9536673741226684
6989ff61c46ca4ffb9ee48a4,coingecko,crypto,2026-02-09 15:38:09.975,bitcoin,usd,1970-01-01T00:29:30.624214806+00:00,70373.24121786421,0.9506113010751727
6989ff61c46ca4ffb9ee48a5,coingecko,crypto,2026-02-09 15:38:09.976,bitcoin,usd,1970-01-01T00:29:30.627915874+00:00,69837.07732988766,0.9433687264499537
6989ff61c46ca4ffb9ee48a6,coingecko,crypto,2026-02-09 15:38:09.976,bitcoin,usd,1970-01-01T00:29:30.631464242+00:00,69550.37698573632,0.939495939259029
6989ff61c46ca4ffb9ee48a7,coingecko,crypto,2026-02-09 15:38:09.977,bitcoin,usd,1970-01-01T00:29:30.634990367+00:00,68682.80182170549,0.9277766161017137
6989ff61c46ca4ffb9ee48a8,coingecko,crypto,2026-02-09 15:38:09.978,bitcoin,usd,1970-01-01T00:29:30.638648041+00:00,68832.02582910914,0.9297923542626217
6989ff61c46ca4ffb9ee48a9,coingecko,crypto,2026-02-09 15:38:09.979,bitcoin,usd,1970-01-01T00:29:30.642178390+00:00,69082.02289196198,0.9331693485444083
6989ff61c46ca4ffb9ee48aa,coingecko,crypto,2026-02-09 15:38:09.979,bitcoin,usd,1970-01-01T00:29:30.645818510+00:00,68592.05509846479,0.9265507970381708
6989ff61c46ca4ffb9ee48ab,coingecko,crypto,2026-02-09 15:38:09.980,bitcoin,usd,1970-01-01T00:29:30.649437354+00:00,69277.24182643309,0.9358063924275736
6989ff61c46ca4ffb9ee48ac,coingecko,crypto,2026-02-09 15:38:09.981,bitcoin,usd,1970-01-01T00:29:30.651482+00:00,69276.24791206479,0.9357929664972845
698a0178455f9f73a87de3c9,coingecko,crypto,2026-02-09 15:47:04.824,bitcoin,usd,1970-01-01T00:29:30.652020+00:00,69527.91407233878,0.9391925071737472
